Compstr,pairID,Crystal,Etot,Eform,bcc2laves_Hmix_TC,Eform_VASP
CoNi2,P10,Laves,-5.600606,0.298836,-0.018866,0.298836
FeNi2,P20,Laves,-6.287937,0.043739,0.040869,0.043739
CuNi2,P30,Laves,-4.732522,0.083391,-0.031878,0.083391
MnNi2,P40,Laves,-6.648032,-0.124004,-0.033465,-0.124004
CrNi2,P50,Laves,-6.562278,0.184215,0.009331,0.184215
VNi2,P60,Laves,-6.644728,-0.079998,-0.017833,-0.079998
ZnNi2,P70,Laves,-4.043293,-0.119062,-0.029994,-0.119062
MoNi2,P80,Laves,-7.290273,-0.056830,0.077328,-0.056830
WNi2,P90,Laves,-7.981724,-0.058335,0.035238,-0.058335
AlNi2,P100,Laves,-5.170200,-0.370593,-0.168887,-0.370593
TiNi2,P110,Laves,-6.576293,-0.438299,-0.159886,-0.438299
TaNi2,P120,Laves,-7.832792,-0.294776,-0.293209,-0.294776
NbNi2,P130,Laves,-7.240672,-0.254265,-0.268675,-0.254265
HfNi2,P140,Laves,-7.451409,-0.608556,-0.530619,-0.608556
ZrNi2,P150,Laves,-6.907573,-0.515483,-0.500639,-0.515483
FeCo2,P21,Laves,-7.071145,0.306726,0.127493,0.306726
CuCo2,P31,Laves,-5.652178,0.209929,0.027569,0.209929
MnCo2,P41,Laves,-7.343682,0.226541,0.041573,0.226541
CrCo2,P51,Laves,-7.597700,0.194987,0.045784,0.194987
VCo2,P61,Laves,-7.678251,-0.067326,0.041210,-0.067326
ZnCo2,P71,Laves,-4.924869,0.045557,0.045045,0.045557
MoCo2,P81,Laves,-8.287354,-0.007717,0.103491,-0.007717
WCo2,P91,Laves,-9.006773,-0.037190,0.043959,-0.037190
AlCo2,P101,Laves,-6.048360,-0.202559,0.010748,-0.202559
TiCo2,P111,Laves,-7.573003,-0.388816,-0.402871,-0.388816
TaCo2,P121,Laves,-8.862971,-0.278761,-0.313656,-0.278761
NbCo2,P131,Laves,-8.259099,-0.226497,-0.248688,-0.226497
HfCo2,P141,Laves,-8.385100,-0.496053,-0.457306,-0.496053
ZrCo2,P151,Laves,-7.858534,-0.420250,-0.404679,-0.420250
CuFe2,P32,Laves,-6.466043,0.260533,0.040535,0.260533
MnFe2,P42,Laves,-8.336069,0.098622,0.059629,0.098622
CrFe2,P52,Laves,-8.503387,0.153769,0.115060,0.153769
VFe2,P62,Laves,-8.518469,-0.043075,0.053701,-0.043075
ZnFe2,P72,Laves,-5.697162,0.137733,0.063100,0.137733
MoFe2,P82,Laves,-9.120133,0.023973,0.215733,0.023973
WFe2,P92,Laves,-9.781913,0.052139,0.213186,0.052139
AlFe2,P102,Laves,-6.856548,-0.146278,0.080195,-0.146278
TiFe2,P112,Laves,-8.370100,-0.321443,-0.196924,-0.321443
TaFe2,P122,Laves,-9.611456,-0.162777,-0.275353,-0.162777
NbFe2,P132,Laves,-9.050974,-0.153903,-0.169244,-0.153903
HfFe2,P142,Laves,-9.166760,-0.413244,-0.322856,-0.413244
ZrFe2,P152,Laves,-8.627729,-0.324976,-0.348697,-0.324976
MnCu2,P43,Laves,-5.284168,0.118997,-0.015530,0.118997
CrCu2,P53,Laves,-5.315031,0.310597,0.001191,0.310597
VCu2,P63,Laves,-5.239156,0.204710,0.001175,0.204710
ZnCu2,P73,Laves,-2.821642,-0.018275,-0.012059,-0.018275
MoCu2,P83,Laves,-5.906504,0.206074,0.001193,0.206074
WCu2,P93,Laves,-6.530363,0.272162,-0.002059,0.272162
AlCu2,P103,Laves,-3.856048,-0.177305,-0.100591,-0.177305
TiCu2,P113,Laves,-5.031954,-0.014824,-0.021205,-0.014824
TaCu2,P123,Laves,-3.799026,2.618125,0.001001,2.618125
NbCu2,P133,Laves,-5.767340,0.098203,0.001101,0.098203
HfCu2,P143,Laves,-5.830618,-0.108629,-0.041801,-0.108629
ZrCu2,P153,Laves,-5.392287,-0.121061,-0.024212,-0.121061
CrMn2,P54,Laves,-9.026920,0.014939,0.024203,0.014939
VMn2,P64,Laves,-9.035732,-0.175635,0.024116,-0.175635
ZnMn2,P74,Laves,-6.074921,0.144677,-0.037351,0.144677
MoMn2,P84,Laves,-9.677088,-0.148279,0.024110,-0.148279
WMn2,P94,Laves,-10.386180,-0.167425,0.221078,-0.167425
AlMn2,P104,Laves,-7.301867,-0.206894,-0.010716,-0.206894
TiMn2,P114,Laves,-8.827543,-0.394183,-0.049615,-0.394183
TaMn2,P124,Laves,-10.147855,-0.314473,-0.026424,-0.314473
NbMn2,P134,Laves,-9.535235,-0.253461,-0.026126,-0.253461
HfMn2,P144,Laves,-9.568772,-0.430552,-0.069774,-0.430552
ZrMn2,P154,Laves,-9.022210,-0.334754,-0.051680,-0.334754
VCr2,P65,Laves,-9.253875,0.051151,0.074593,0.051151
ZnCr2,P75,Laves,-6.314912,0.349614,0.015746,0.349614
MoCr2,P85,Laves,-9.881919,0.091819,0.074595,0.091819
WCr2,P95,Laves,-10.602180,0.061504,0.112676,0.061504
AlCr2,P105,Laves,-7.495199,0.044703,-0.033397,0.044703
TiCr2,P115,Laves,-9.026104,-0.147815,-0.025705,-0.147815
TaCr2,P125,Laves,-10.404495,-0.126184,-0.079085,-0.126184
NbCr2,P135,Laves,-9.776365,-0.049663,-0.052595,-0.049663
HfCr2,P145,Laves,-9.759477,-0.176329,-0.178812,-0.176329
ZrCr2,P155,Laves,-9.209262,-0.076877,-0.318045,-0.076877
ZnV2,P76,Laves,-6.081709,0.219293,0.015695,0.219293
MoV2,P86,Laves,-9.600654,0.009559,0.097177,0.009559
WV2,P96,Laves,-10.343506,-0.043346,0.025695,-0.043346
AlV2,P106,Laves,-7.155550,0.020828,-0.005903,0.020828
TiV2,P116,Laves,-8.459662,0.055102,0.049360,0.055102
TaV2,P126,Laves,-10.022278,-0.107492,-0.009273,-0.107492
NbV2,P136,Laves,-9.413406,-0.050229,0.096202,-0.050229
HfV2,P146,Laves,-9.248361,-0.028738,-0.069044,-0.028738
ZrV2,P156,Laves,-8.756237,0.012624,-0.037427,0.012624
MoZn2,P87,Laves,-4.336336,-0.007121,0.031053,-0.007121
WZn2,P97,Laves,-4.907563,0.111598,0.228021,0.111598
AlZn2,P107,Laves,-1.872820,0.022560,-0.003773,0.022560
TiZn2,P117,Laves,-3.509404,-0.275638,-0.041732,-0.275638
TaZn2,P127,Laves,-4.765276,-0.131488,-0.020173,-0.131488
NbZn2,P137,Laves,-4.295488,-0.213308,-0.019080,-0.213308
HfZn2,P147,Laves,-4.270619,-0.331994,-0.062831,-0.331994
ZrZn2,P157,Laves,-3.877882,-0.390019,-0.354872,-0.390019
WMo2,P98,Laves,-11.256122,0.381462,0.077739,0.381462
AlMo2,P108,Laves,-8.274505,0.239297,0.039699,0.239297
TiMo2,P118,Laves,-9.874327,-0.022138,-0.020801,-0.022138
TaMo2,P128,Laves,-11.211914,0.040297,0.074528,0.040297
NbMo2,P138,Laves,-10.617760,0.082843,0.051818,0.082843
HfMo2,P148,Laves,-10.790566,-0.233518,0.187091,-0.233518
ZrMo2,P158,Laves,-10.278467,-0.172182,-0.094697,-0.172182
AlW2,P109,Laves,-9.467016,0.426679,0.070416,0.426679
TiW2,P119,Laves,-11.218001,0.014080,0.082872,0.014080
TaW2,P129,Laves,-12.570917,0.061186,0.347848,0.061186
NbW2,P139,Laves,-11.988244,0.092251,0.002805,0.092251
HfW2,P149,Laves,-12.170789,-0.233849,-0.226430,-0.233849
ZrW2,P159,Laves,-11.664495,-0.178318,-0.142029,-0.178318
TiAl2,P1110,Laves,-5.402311,-0.417793,-0.040222,-0.417793
TaAl2,P1210,Laves,-6.617190,-0.232651,0.004863,-0.232651
NbAl2,P1310,Laves,-6.167467,-0.334535,-0.040977,-0.334535
HfAl2,P1410,Laves,-6.253492,-0.564115,-0.508895,-0.564115
ZrAl2,P1510,Laves,-5.873141,-0.634527,-0.627599,-0.634527
TaTi2,P1211,Laves,-8.932448,0.128864,0.029782,0.128864
NbTi2,P1311,Laves,-8.382855,0.126849,-0.015976,0.126849
HfTi2,P1411,Laves,-8.335690,0.030459,-0.012977,0.030459
ZrTi2,P1511,Laves,-7.868498,0.046889,-0.018186,0.046889
NbTa2,P1312,Laves,-11.169952,0.139796,0.051818,0.139796
HfTa2,P1412,Laves,-11.144948,0.021245,0.031770,0.021245
ZrTa2,P1512,Laves,-10.680692,0.034738,0.079486,0.034738
HfNb2,P1413,Laves,-10.074747,-0.011770,-0.013955,-0.011770
ZrNb2,P1513,Laves,-9.600860,0.011354,0.003613,0.011354
ZrHf2,P1514,Laves,-9.161262,0.163843,-0.036237,0.163843
NiNi2,P00,Laves,-5.227662,0.148683,0.008033,0.148683
NiCo2,P01,Laves,-6.297951,0.124588,-0.002274,0.124588
CoCo2,P11,Laves,-6.839402,0.106235,-0.010124,0.106235
NiFe2,P02,Laves,-7.147626,0.139382,0.004055,0.139382
CoFe2,P12,Laves,-7.636636,0.173469,0.018636,0.173469
FeFe2,P22,Laves,-8.091491,0.150849,0.008960,0.150849
NiCu2,P03,Laves,-4.088996,0.166485,0.015648,0.166485
CoCu2,P13,Laves,-4.490317,0.288260,0.067737,0.288260
FeCu2,P23,Laves,-4.927000,0.283812,0.065834,0.283812
CuCu2,P33,Laves,-3.567936,0.127113,-0.001193,0.127113
NiMn2,P04,Laves,-7.436628,0.235084,0.044991,0.235084
CoMn2,P14,Laves,-7.931174,0.263634,0.057203,0.263634
FeMn2,P24,Laves,-8.483882,0.143162,0.005671,0.143162
CuMn2,P34,Laves,-6.830136,0.281144,0.064693,0.281144
MnMn2,P44,Laves,-8.839439,-0.020044,-0.064139,-0.020044
NiCr2,P05,Laves,-7.912003,0.204638,0.031968,0.204638
CoCr2,P15,Laves,-8.419291,0.220446,0.038730,0.220446
FeCr2,P25,Laves,-8.804712,0.267260,0.058754,0.267260
CuCr2,P35,Laves,-7.143284,0.412924,0.121062,0.412924
MnCr2,P45,Laves,-9.057724,0.206600,0.032807,0.206600
CrCr2,P55,Laves,-9.216955,0.269833,0.059855,0.269833
NiV2,P06,Laves,-7.353697,0.399418,0.115285,0.399418
CoV2,P16,Laves,-8.120737,0.155475,0.010939,0.155475
FeV2,P26,Laves,-8.509281,0.199166,0.029627,0.199166
CuV2,P36,Laves,-6.902930,0.289753,0.068376,0.289753
MnV2,P46,Laves,-8.785841,0.114958,-0.006392,0.114958
CrV2,P56,Laves,-8.861889,0.261374,0.056236,0.261374
VV2,P66,Laves,-8.826035,0.115466,-0.006175,0.115466
NiZn2,P07,Laves,-2.491794,-0.019676,-0.063982,-0.019676
CoZn2,P17,Laves,-2.851689,0.143526,0.005827,0.143526
FeZn2,P27,Laves,-3.322710,0.104740,-0.010764,0.104740
CuZn2,P37,Laves,-1.893528,0.018158,-0.047799,0.018158
MnZn2,P47,Laves,-3.618141,0.001660,-0.054856,0.001660
CrZn2,P57,Laves,-3.667189,0.175076,0.019323,0.175076
VZn2,P67,Laves,-3.641630,0.018874,-0.047492,0.018874
ZnZn2,P77,Laves,-1.010115,0.009890,-0.051335,0.009890
NiMo2,P08,Laves,-8.593656,0.496884,0.156975,0.496884
CoMo2,P18,Laves,-9.023707,0.589931,0.196776,0.589931
FeMo2,P28,Laves,-9.367254,0.678618,0.234712,0.678618
CuMo2,P38,Laves,-7.906910,0.623198,0.211006,0.623198
MnMo2,P48,Laves,-9.856557,0.381667,0.107691,0.381667
CrMo2,P58,Laves,-9.931976,0.528712,0.170590,0.528712
VMo2,P68,Laves,-9.919599,0.359326,0.098135,0.359326
ZnMo2,P78,Laves,-7.130001,0.508425,0.161912,0.508425
MoMo2,P88,Laves,-10.583281,0.364356,0.100287,0.364356
NiW2,P09,Laves,-9.767163,0.703270,0.245256,0.703270
CoW2,P19,Laves,-10.223478,0.770052,0.273822,0.770052
FeW2,P29,Laves,-10.594447,0.831317,0.300028,0.831317
CuW2,P39,Laves,-9.069895,0.840105,0.303787,0.840105
MnW2,P49,Laves,-11.102391,0.515725,0.165034,0.515725
CrW2,P59,Laves,-11.213025,0.627556,0.212870,0.627556
VW2,P69,Laves,-11.235754,0.423064,0.125399,0.423064
ZnW2,P79,Laves,-8.295121,0.723198,0.253781,0.723198
MoW2,P89,Laves,-11.910537,0.416993,0.122802,0.416993
WW2,P99,Laves,-12.564601,0.452875,0.138151,0.452875
NiAl2,P010,Laves,-4.143194,0.079675,-0.021485,0.079675
CoAl2,P110,Laves,-4.571854,0.174113,0.018911,0.174113
FeAl2,P210,Laves,-4.962312,0.215889,0.036780,0.215889
CuAl2,P310,Laves,-3.425070,0.237367,0.045968,0.237367
MnAl2,P410,Laves,-5.111852,0.258700,0.055093,0.258700
CrAl2,P510,Laves,-5.439148,0.153869,0.010251,0.153869
VAl2,P610,Laves,-5.441735,-0.030481,-0.068604,-0.030481
ZnAl2,P710,Laves,-2.638334,0.132422,0.001077,0.132422
MoAl2,P810,Laves,-6.134454,-0.054487,-0.078872,-0.054487
WAl2,P910,Laves,-6.658689,0.111224,-0.007990,0.111224
AlAl2,P1010,Laves,-3.584516,0.061616,-0.029210,0.061616
NiTi2,P011,Laves,-6.721469,0.178173,0.020647,0.178173
CoTi2,P111,Laves,-7.115294,0.307445,0.075943,0.307445
FeTi2,P211,Laves,-7.375896,0.479078,0.149359,0.479078
CuTi2,P311,Laves,-6.053614,0.285596,0.066597,0.285596
MnTi2,P411,Laves,-7.630579,0.416746,0.122697,0.416746
CrTi2,P511,Laves,-7.747704,0.522085,0.167755,0.522085
VTi2,P611,Laves,-7.698225,0.389803,0.111171,0.389803
ZnTi2,P711,Laves,-5.310480,0.137048,0.003056,0.137048
MoTi2,P811,Laves,-8.558727,0.198013,0.029134,0.198013
WTi2,P911,Laves,-9.244537,0.202149,0.030903,0.202149
AlTi2,P1011,Laves,-6.335429,-0.012525,-0.060923,-0.012525
TiTi2,P1111,Laves,-7.511785,0.149506,0.008385,0.149506
NiTa2,P012,Laves,-9.114145,0.585540,0.194898,0.585540
CoTa2,P112,Laves,-9.537227,0.685556,0.237679,0.685556
FeTa2,P212,Laves,-9.819209,0.835809,0.301949,0.835809
CuTa2,P312,Laves,-8.454843,0.684410,0.237189,0.684410
MnTa2,P412,Laves,-10.060847,0.786522,0.280867,0.786522
CrTa2,P512,Laves,-10.301661,0.768172,0.273018,0.768172
VTa2,P612,Laves,-10.390529,0.497541,0.157257,0.497541
ZnTa2,P712,Laves,-7.705790,0.541782,0.176180,0.541782
MoTa2,P812,Laves,-11.170703,0.386080,0.109579,0.386080
WTa2,P912,Laves,-11.861797,0.384932,0.109088,0.384932
AlTa2,P1012,Laves,-8.777321,0.345627,0.092276,0.345627
TiTa2,P1112,Laves,-10.214302,0.247032,0.050102,0.247032
TaTa2,P1212,Laves,-11.747020,0.114336,-0.006659,0.114336
NiNb2,P013,Laves,-8.121435,0.475034,0.147629,0.475034
CoNb2,P113,Laves,-8.514514,0.605052,0.203244,0.605052
FeNb2,P213,Laves,-8.980789,0.571012,0.188683,0.571012
CuNb2,P313,Laves,-7.495769,0.540268,0.175533,0.540268
MnNb2,P413,Laves,-9.290281,0.453872,0.138577,0.453872
CrNb2,P513,Laves,-9.218423,0.748194,0.264473,0.748194
VNb2,P613,Laves,-9.313886,0.470969,0.145890,0.470969
ZnNb2,P713,Laves,-6.751027,0.393329,0.112680,0.393329
MoNb2,P813,Laves,-10.035737,0.417830,0.123160,0.417830
WNb2,P913,Laves,-10.727733,0.415780,0.122283,0.415780
AlNb2,P1013,Laves,-7.791859,0.227872,0.041906,0.227872
TiNb2,P1113,Laves,-9.154261,0.203857,0.031634,0.203857
TaNb2,P1213,Laves,-10.635924,0.122216,-0.003288,0.122216
NbNb2,P1313,Laves,-10.051984,0.154547,0.010541,0.154547
NiHf2,P014,Laves,-7.749518,0.559843,0.183906,0.559843
CoHf2,P114,Laves,-8.070752,0.761705,0.270252,0.761705
FeHf2,P214,Laves,-8.319784,0.944908,0.348616,0.944908
CuHf2,P314,Laves,-7.179597,0.569331,0.187965,0.569331
MnHf2,P414,Laves,-8.565509,0.891535,0.325786,0.891535
CrHf2,P514,Laves,-8.973339,0.706169,0.246496,0.706169
VHf2,P614,Laves,-8.760772,0.736973,0.259673,0.736973
ZnHf2,P714,Laves,-6.482838,0.374409,0.104587,0.374409
MoHf2,P814,Laves,-9.590525,0.575933,0.190788,0.575933
WHf2,P914,Laves,-10.232859,0.623546,0.211154,0.623546
AlHf2,P1014,Laves,-7.506122,0.226501,0.041319,0.226501
TiHf2,P1114,Laves,-8.712946,0.358063,0.097595,0.358063
TaHf2,P1214,Laves,-10.052829,0.418202,0.123319,0.418202
NbHf2,P1314,Laves,-9.534868,0.384555,0.108927,0.384555
HfHf2,P1414,Laves,-9.565777,0.210091,0.034300,0.210091
NiZr2,P015,Laves,-6.858833,0.549002,0.179269,0.549002
CoZr2,P115,Laves,-7.156613,0.774319,0.275648,0.774319
FeZr2,P215,Laves,-7.647833,0.715333,0.250417,0.715333
CuZr2,P315,Laves,-6.321578,0.525825,0.169355,0.525825
MnZr2,P415,Laves,-7.618372,0.937146,0.345297,0.937146
CrZr2,P515,Laves,-7.779571,0.998411,0.371502,0.998411
VZr2,P615,Laves,-7.832494,0.763726,0.271116,0.763726
ZnZr2,P715,Laves,-5.660591,0.295130,0.070676,0.295130
MoZr2,P815,Laves,-8.604002,0.660931,0.227146,0.660931
WZr2,P915,Laves,-9.232022,0.722856,0.253634,0.722856
AlZr2,P1015,Laves,-6.666201,0.164896,0.014968,0.164896
TiZr2,P1115,Laves,-7.744007,0.425476,0.126431,0.425476
TaZr2,P1215,Laves,-9.097820,0.471685,0.146196,0.471685
NbZr2,P1315,Laves,-8.572462,0.445435,0.134968,0.445435
HfZr2,P1415,Laves,-8.669191,0.205152,0.032188,0.205152
ZrZr2,P1515,Laves,-8.238976,0.184603,0.023398,0.184603
ReRe2,P00,Laves,-12.094436,0.013353,0.013353,0.013353
NiRe2,P00,Laves,-9.436678,0.427296,0.427296,0.427296
ReNi2,P00,Laves,-7.746463,-0.126303,-0.126303,-0.126303
CoRe2,P01,Laves,-9.912190,0.474881,0.474881,0.474881
ReCo2,P10,Laves,-8.769297,-0.102943,-0.102943,-0.102943
FeRe2,P02,Laves,-10.425561,0.393745,0.393745,0.393745
ReFe2,P20,Laves,-9.651282,-0.120459,-0.120459,-0.120459
CuRe2,P03,Laves,-8.770182,0.533360,0.533360,0.533360
ReCu2,P30,Laves,-6.372301,0.126995,0.126995,0.126995
MnRe2,P04,Laves,-10.673415,0.338243,0.338243,0.338243
ReMn2,P40,Laves,-10.224994,-0.309467,-0.309467,-0.309467
CrRe2,P05,Laves,-10.917550,0.316572,0.316572,0.316572
ReCr2,P50,Laves,-10.467025,-0.106570,-0.106570,-0.106570
VRe2,P06,Laves,-11.042702,0.009657,0.009657,0.009657
ReV2,P60,Laves,-10.142177,-0.145246,-0.145246,-0.145246
ZnRe2,P07,Laves,-8.069918,0.341943,0.341943,0.341943
ReZn2,P70,Laves,-4.590811,0.125122,0.125122,0.125122
MoRe2,P08,Laves,-11.749314,-0.028242,-0.028242,-0.028242
ReMo2,P80,Laves,-11.057057,0.277298,0.277298,0.277298
WRe2,P09,Laves,-12.378458,0.032561,0.032561,0.032561
ReW2,P90,Laves,-12.341204,0.373043,0.373043,0.373043
AlRe2,P010,Laves,-9.241066,0.046171,0.046171,0.046171
ReAl2,P100,Laves,-6.433593,0.033091,0.033091,0.033091
TiRe2,P011,Laves,-11.021361,-0.395738,-0.395738,-0.395738
ReTi2,P110,Laves,-9.176439,-0.032982,-0.032982,-0.032982
TaRe2,P012,Laves,-12.331177,-0.305533,-0.305533,-0.305533
ReTa2,P120,Laves,-11.565050,0.378450,0.378450,0.378450
NbRe2,P013,Laves,-11.777478,-0.303441,-0.303441,-0.303441
ReNb2,P130,Laves,-10.468931,0.371353,0.371353,0.371353
HfRe2,P014,Laves,-11.961321,-0.630839,-0.630839,-0.630839
ReHf2,P140,Laves,-10.075238,0.477937,0.477937,0.477937
ZrRe2,P015,Laves,-11.461480,-0.581760,-0.581760,-0.581760
ReZr2,P150,Laves,-9.075793,0.575856,0.575856,0.575856
