Composition,Crystal,Processing,GrainSize,Vicker,Tension0_Compression1,temperature,Yield_EXP,UTS_EXP,Elongation_EXP,Elongation_plastic_EXP,Youngs_EXP,Youngs_ROM_ORG,DOI,YEAR,TITLE,SOURCE,ReducedFormula,radius,radius_TC,Tm_ROM,volume,LattPara
Al285Cr142Fe142Co142(CuNi)142,BCC,CAST,,,1,298.15,1620.0,,,,,156.0,10.1007/s11661-005-0218-9,2005,Mechanical performance of the Al x CoCrCuFeNi high-entropy alloy system with multiprincipal elements,S4,Al285Cr142Fe142Co142(CuNi)142,1.4546892492663315,1.4441623507537686,1529.5801407035178,12.616435321358379,2.933068598917902
Al285Cr142Fe142Co142(CuNi)142,BCC,CAST,,,1,773.15,1120.0,,,,,156.0,10.1007/s11661-005-0218-9,2005,Mechanical performance of the Al x CoCrCuFeNi high-entropy alloy system with multiprincipal elements,S4,Al285Cr142Fe142Co142(CuNi)142,1.4546892492663315,1.4441623507537686,1529.5801407035178,12.616435321358379,2.933068598917902
Al285Cr142Fe142Co142(CuNi)142,BCC,CAST,,,1,873.15,805.0,,,,,156.0,10.1007/s11661-005-0218-9,2005,Mechanical performance of the Al x CoCrCuFeNi high-entropy alloy system with multiprincipal elements,S4,Al285Cr142Fe142Co142(CuNi)142,1.4546892492663315,1.4441623507537686,1529.5801407035178,12.616435321358379,2.933068598917902
Al285Cr142Fe142Co142(CuNi)142,BCC,CAST,,,1,973.15,567.0,,,,,156.0,10.1007/s11661-005-0218-9,2005,Mechanical performance of the Al x CoCrCuFeNi high-entropy alloy system with multiprincipal elements,S4,Al285Cr142Fe142Co142(CuNi)142,1.4546892492663315,1.4441623507537686,1529.5801407035178,12.616435321358379,2.933068598917902
Al285Cr142Fe142Co142(CuNi)142,BCC,CAST,,,1,1073.15,302.0,,,,,156.0,10.1007/s11661-005-0218-9,2005,Mechanical performance of the Al x CoCrCuFeNi high-entropy alloy system with multiprincipal elements,S4,Al285Cr142Fe142Co142(CuNi)142,1.4546892492663315,1.4441623507537686,1529.5801407035178,12.616435321358379,2.933068598917902
Al285Cr142Fe142Co142(CuNi)142,BCC,CAST,,,1,1173.15,214.0,,,,,156.0,10.1007/s11661-005-0218-9,2005,Mechanical performance of the Al x CoCrCuFeNi high-entropy alloy system with multiprincipal elements,S4,Al285Cr142Fe142Co142(CuNi)142,1.4546892492663315,1.4441623507537686,1529.5801407035178,12.616435321358379,2.933068598917902
Al285Cr142Fe142Co142(CuNi)142,BCC,CAST,,,1,1273.15,116.0,,,,,156.0,10.1007/s11661-005-0218-9,2005,Mechanical performance of the Al x CoCrCuFeNi high-entropy alloy system with multiprincipal elements,S4,Al285Cr142Fe142Co142(CuNi)142,1.4546892492663315,1.4441623507537686,1529.5801407035178,12.616435321358379,2.933068598917902
Al285Cr142Fe142Co142(CuNi)142,BCC,CAST,,,1,1373.15,79.0,,,,,156.0,10.1007/s11661-005-0218-9,2005,Mechanical performance of the Al x CoCrCuFeNi high-entropy alloy system with multiprincipal elements,S4,Al285Cr142Fe142Co142(CuNi)142,1.4546892492663315,1.4441623507537686,1529.5801407035178,12.616435321358379,2.933068598917902
AlCrFeCoCuNi,FCC+BCC,CAST,,,1,298.15,1125.5,,,,,,10.1007/s11661-005-0218-9,2005,Mechanical performance of the Al x CoCrCuFeNi high-entropy alloy system with multiprincipal elements,S4,AlCrFeCoCuNi,1.43323246,1.4272536666666664,1629.6566666666668,12.178452638132061,2.8987273558305047
AlCrFeCoCuNi,FCC+BCC,CAST,,,1,873.15,561.0,,,,,,10.1007/s11661-005-0218-9,2005,Mechanical performance of the Al x CoCrCuFeNi high-entropy alloy system with multiprincipal elements,S4,AlCrFeCoCuNi,1.43323246,1.4272536666666664,1629.6566666666668,12.178452638132061,2.8987273558305047
AlCrFeCoCuNi,FCC+BCC,CAST,,,1,973.15,307.0,,,,,,10.1007/s11661-005-0218-9,2005,Mechanical performance of the Al x CoCrCuFeNi high-entropy alloy system with multiprincipal elements,S4,AlCrFeCoCuNi,1.43323246,1.4272536666666664,1629.6566666666668,12.178452638132061,2.8987273558305047
AlCrFeCoCuNi,FCC+BCC,CAST,,,1,1073.15,172.0,,,,,,10.1007/s11661-005-0218-9,2005,Mechanical performance of the Al x CoCrCuFeNi high-entropy alloy system with multiprincipal elements,S4,AlCrFeCoCuNi,1.43323246,1.4272536666666664,1629.6566666666668,12.178452638132061,2.8987273558305047
AlCrFeCoCuNi,FCC+BCC,CAST,,,1,1173.15,98.0,,,,,,10.1007/s11661-005-0218-9,2005,Mechanical performance of the Al x CoCrCuFeNi high-entropy alloy system with multiprincipal elements,S4,AlCrFeCoCuNi,1.43323246,1.4272536666666664,1629.6566666666668,12.178452638132061,2.8987273558305047
AlCrFeCoCuNi,FCC+BCC,CAST,,,1,1273.15,47.0,,,,,,10.1007/s11661-005-0218-9,2005,Mechanical performance of the Al x CoCrCuFeNi high-entropy alloy system with multiprincipal elements,S4,AlCrFeCoCuNi,1.43323246,1.4272536666666664,1629.6566666666668,12.178452638132061,2.8987273558305047
AlCrFeCuNi,FCC+BCC+B2,POWDER,,,1,293.15,1511.0,,5.0,,,,10.1016/j.jallcom.2019.01.341,2019,Structure formation and mechanical properties of the high-entropy AlCuNiFeCr alloy prepared by mechanical alloying and spark plasma sintering,S4,AlCrFeCuNi,1.443315072,1.4361396000000002,1601.9879999999998,12.407337102738724,2.9167745317719604
AlCrFeCuNi,FCC+BCC+B2,POWDER,,,1,673.15,1366.0,,17.0,,,,10.1016/j.jallcom.2019.01.341,2019,Structure formation and mechanical properties of the high-entropy AlCuNiFeCr alloy prepared by mechanical alloying and spark plasma sintering,S4,AlCrFeCuNi,1.443315072,1.4361396000000002,1601.9879999999998,12.407337102738724,2.9167745317719604
AlCrFeCuNi,FCC+BCC+B2,POWDER,,,1,873.15,410.0,,35.0,,,,10.1016/j.jallcom.2019.01.341,2019,Structure formation and mechanical properties of the high-entropy AlCuNiFeCr alloy prepared by mechanical alloying and spark plasma sintering,S4,AlCrFeCuNi,1.443315072,1.4361396000000002,1601.9879999999998,12.407337102738724,2.9167745317719604
AlCrFeCuNi,FCC+BCC+B2,POWDER,,,1,1073.15,48.0,,35.0,,,,10.1016/j.jallcom.2019.01.341,2019,Structure formation and mechanical properties of the high-entropy AlCuNiFeCr alloy prepared by mechanical alloying and spark plasma sintering,S4,AlCrFeCuNi,1.443315072,1.4361396000000002,1601.9879999999998,12.407337102738724,2.9167745317719604
Hf150Zr249Ta99(Ti3Nb2)100,BCC,WROUGHT,,,1,4.349999999999966,2283.3333333333335,,,,,100.0,10.1016/j.msea.2017.10.073,2018,Mechanical properties and thermally activated plasticity of the Ti30Zr25Hf15Nb20Ta10 high entropy alloy at temperatures 4.2–350 K,S4,Hf150Zr249Ta99(Ti3Nb2)100,1.6769407969639278,1.6770740000000002,2368.5190380761524,19.758104925733264,3.4061081047392108
Hf150Zr249Ta99(Ti3Nb2)100,BCC,WROUGHT,,,1,77.14999999999998,1850.0,,,,,100.0,10.1016/j.msea.2017.10.073,2018,Mechanical properties and thermally activated plasticity of the Ti30Zr25Hf15Nb20Ta10 high entropy alloy at temperatures 4.2–350 K,S4,Hf150Zr249Ta99(Ti3Nb2)100,1.6769407969639278,1.6770740000000002,2368.5190380761524,19.758104925733264,3.4061081047392108
Hf150Zr249Ta99(Ti3Nb2)100,BCC,WROUGHT,,,1,120.14999999999998,1520.0,,,,,100.0,10.1016/j.msea.2017.10.073,2018,Mechanical properties and thermally activated plasticity of the Ti30Zr25Hf15Nb20Ta10 high entropy alloy at temperatures 4.2–350 K,S4,Hf150Zr249Ta99(Ti3Nb2)100,1.6769407969639278,1.6770740000000002,2368.5190380761524,19.758104925733264,3.4061081047392108
Hf150Zr249Ta99(Ti3Nb2)100,BCC,WROUGHT,,,1,170.14999999999998,1333.3333333333333,,,,,100.0,10.1016/j.msea.2017.10.073,2018,Mechanical properties and thermally activated plasticity of the Ti30Zr25Hf15Nb20Ta10 high entropy alloy at temperatures 4.2–350 K,S4,Hf150Zr249Ta99(Ti3Nb2)100,1.6769407969639278,1.6770740000000002,2368.5190380761524,19.758104925733264,3.4061081047392108
Hf150Zr249Ta99(Ti3Nb2)100,BCC,WROUGHT,,,1,230.14999999999998,1133.3333333333333,,,,,100.0,10.1016/j.msea.2017.10.073,2018,Mechanical properties and thermally activated plasticity of the Ti30Zr25Hf15Nb20Ta10 high entropy alloy at temperatures 4.2–350 K,S4,Hf150Zr249Ta99(Ti3Nb2)100,1.6769407969639278,1.6770740000000002,2368.5190380761524,19.758104925733264,3.4061081047392108
Hf150Zr249Ta99(Ti3Nb2)100,BCC,WROUGHT,,,1,298.15,1046.6666666666667,,,,,100.0,10.1016/j.msea.2017.10.073,2018,Mechanical properties and thermally activated plasticity of the Ti30Zr25Hf15Nb20Ta10 high entropy alloy at temperatures 4.2–350 K,S4,Hf150Zr249Ta99(Ti3Nb2)100,1.6769407969639278,1.6770740000000002,2368.5190380761524,19.758104925733264,3.4061081047392108
Hf150Zr249Ta99(Ti3Nb2)100,BCC,WROUGHT,,,1,345.15,900.0,,,,,100.0,10.1016/j.msea.2017.10.073,2018,Mechanical properties and thermally activated plasticity of the Ti30Zr25Hf15Nb20Ta10 high entropy alloy at temperatures 4.2–350 K,S4,Hf150Zr249Ta99(Ti3Nb2)100,1.6769407969639278,1.6770740000000002,2368.5190380761524,19.758104925733264,3.4061081047392108
Hf2Ti2Nb2VMo,BCC,CAST,,,1,298.15,1260.0,,,,,126.0,10.1016/j.jallcom.2016.10.014,2017,Microstructure and mechanical properties of refractory HfMo0.5NbTiV0.5Six high-entropy composites,S4,Hf2Ti2Nb2VMo,1.6274985174999999,1.6266025,2434.125,18.027392548942064,3.3036013666892825
Hf2Ti2Nb2VMo,BCC,CAST,,,1,1273.15,368.0,,,,,126.0,10.1016/j.actamat.2019.06.032,2019,High temperature strength of refractory complex concentrated alloys,S4,Hf2Ti2Nb2VMo,1.6274985174999999,1.6266025,2434.125,18.027392548942064,3.3036013666892825
Hf2Ti2Nb2VMo,BCC,CAST,,,1,1473.15,60.0,,,,,126.0,10.1016/j.actamat.2019.06.032,2019,High temperature strength of refractory complex concentrated alloys,S4,Hf2Ti2Nb2VMo,1.6274985174999999,1.6266025,2434.125,18.027392548942064,3.3036013666892825
Hf3Zr5Ta5Ti5Nb5Al2,BCC,OTHER,140.0,4.9,1,298.15,1841.0,2269.0,10.0,,,107.0,10.1007/s11837-014-1066-0,2014,Microstructure and Properties of Aluminum-Containing Refractory High-Entropy Alloys,S4,Hf3Zr5Ta5Ti5Nb5Al2,1.6635916112000002,1.6608317599999998,2397.1856,19.18958280709415,3.3731203979933424
Hf3Zr5Ta5Ti5Nb5Al2,BCC,OTHER,,,1,1073.15,796.0,834.0,50.0,,,107.0,10.1007/s11837-014-1066-0,2014,Microstructure and Properties of Aluminum-Containing Refractory High-Entropy Alloys,S4,Hf3Zr5Ta5Ti5Nb5Al2,1.6635916112000002,1.6608317599999998,2397.1856,19.18958280709415,3.3731203979933424
Hf3Zr5Ta5Ti5Nb5Al2,BCC,OTHER,,,1,1273.15,298.0,,,,,107.0,10.1016/j.actamat.2019.06.032,2019,High temperature strength of refractory complex concentrated alloys,S4,Hf3Zr5Ta5Ti5Nb5Al2,1.6635916112000002,1.6608317599999998,2397.1856,19.18958280709415,3.3731203979933424
Hf3Zr5Ta5Ti5Nb5Al2,BCC,OTHER,,,1,1473.15,89.0,,,,,107.0,10.1016/j.actamat.2019.06.032,2019,High temperature strength of refractory complex concentrated alloys,S4,Hf3Zr5Ta5Ti5Nb5Al2,1.6635916112000002,1.6608317599999998,2397.1856,19.18958280709415,3.3731203979933424
Hf79Zr127Ta307Ti177Nb307,BCC,CAST,,,1,298.15,845.0,,,,,122.0,10.1080/14786435.2015.1028506,2015,Plastic deformation properties of Zr–Nb–Ti–Ta–Hf high-entropy alloys,S4,Hf79Zr127Ta307Ti177Nb307,1.6516026019057173,1.6520252016048145,2674.08926780341,18.88594035874377,3.3552344311697557
Hf79Zr127Ta307Ti177Nb307,BCC,CAST,,,1,333.15,795.0,,,,,122.0,10.1080/14786435.2015.1028506,2015,Plastic deformation properties of Zr–Nb–Ti–Ta–Hf high-entropy alloys,S4,Hf79Zr127Ta307Ti177Nb307,1.6516026019057173,1.6520252016048145,2674.08926780341,18.88594035874377,3.3552344311697557
Hf79Zr127Ta307Ti177Nb307,BCC,CAST,,,1,373.15,765.0,,,,,122.0,10.1080/14786435.2015.1028506,2015,Plastic deformation properties of Zr–Nb–Ti–Ta–Hf high-entropy alloys,S4,Hf79Zr127Ta307Ti177Nb307,1.6516026019057173,1.6520252016048145,2674.08926780341,18.88594035874377,3.3552344311697557
Hf79Zr127Ta307Ti177Nb307,BCC,CAST,,,1,473.15,650.0,,,,,122.0,10.1080/14786435.2015.1028506,2015,Plastic deformation properties of Zr–Nb–Ti–Ta–Hf high-entropy alloys,S4,Hf79Zr127Ta307Ti177Nb307,1.6516026019057173,1.6520252016048145,2674.08926780341,18.88594035874377,3.3552344311697557
Hf79Zr127Ta307Ti177Nb307,BCC,CAST,,,1,573.15,590.0,,,,,122.0,10.1080/14786435.2015.1028506,2015,Plastic deformation properties of Zr–Nb–Ti–Ta–Hf high-entropy alloys,S4,Hf79Zr127Ta307Ti177Nb307,1.6516026019057173,1.6520252016048145,2674.08926780341,18.88594035874377,3.3552344311697557
Hf90Zr181Ti363(NbV)181,BCC,CAST,,3.04192,1,298.15,980.0,,50.0,,,101.0,10.1007/s40195-019-00921-3,2019,A Novel Series of Refractory High-Entropy Alloys Ti2ZrHf0.5VNbx with High Specific Yield Strength and Good Ductility,S4,Hf90Zr181Ti363(NbV)181,1.6348113467670684,1.6344183343373495,2217.0321285140562,18.28850837615115,3.3194751901948316
Hf90Zr181Ti363(NbV)181,BCC,CAST,,3.04192,1,873.15,859.0,,50.0,,,101.0,10.1007/s40195-019-00921-3,2019,A Novel Series of Refractory High-Entropy Alloys Ti2ZrHf0.5VNbx with High Specific Yield Strength and Good Ductility,S4,Hf90Zr181Ti363(NbV)181,1.6348113467670684,1.6344183343373495,2217.0321285140562,18.28850837615115,3.3194751901948316
Hf90Zr181Ti363(NbV)181,BCC,CAST,,3.04192,1,1073.15,195.0,,50.0,,,101.0,10.1007/s40195-019-00921-3,2019,A Novel Series of Refractory High-Entropy Alloys Ti2ZrHf0.5VNbx with High Specific Yield Strength and Good Ductility,S4,Hf90Zr181Ti363(NbV)181,1.6348113467670684,1.6344183343373495,2217.0321285140562,18.28850837615115,3.3194751901948316
HfTaTiNb,BCC,ANNEAL,,,1,293.15,847.0,,,,,119.0,10.1016/j.actamat.2019.06.006,2019,Solid-solution strengthening in refractory high entropy alloys,S4,HfTaTiNb,1.653348075,1.6533419999999999,2621.75,18.93113725488229,3.3579088257916676
HfTaTiNb,BCC,ANNEAL,,,1,473.15,610.0,,,,,119.0,10.1016/j.actamat.2019.06.006,2019,Solid-solution strengthening in refractory high entropy alloys,S4,HfTaTiNb,1.653348075,1.6533419999999999,2621.75,18.93113725488229,3.3579088257916676
HfTaTiNb,BCC,ANNEAL,,,1,873.15,473.0,,,,,119.0,10.1016/j.actamat.2019.06.006,2019,Solid-solution strengthening in refractory high entropy alloys,S4,HfTaTiNb,1.653348075,1.6533419999999999,2621.75,18.93113725488229,3.3579088257916676
HfTaTiNbMo,BCC,CAST,,,1,298.15,1369.0,,27.0,,,155.0,10.3390/e21010015,2018,"Effects of Mo, Nb, Ta, Ti, and Zr on Mechanical Properties of Equiatomic Hf-Mo-Nb-Ta-Ti-Zr Alloys",S4,HfTaTiNbMo,1.6328731420000002,1.6326198,2676.6000000000004,18.228200080133885,3.3158223982589377
HfTaTiNbMo,BCC,CAST,,,1,1073.15,822.0,,,,,155.0,10.3390/e21010015,2018,"Effects of Mo, Nb, Ta, Ti, and Zr on Mechanical Properties of Equiatomic Hf-Mo-Nb-Ta-Ti-Zr Alloys",S4,HfTaTiNbMo,1.6328731420000002,1.6326198,2676.6000000000004,18.228200080133885,3.3158223982589377
HfTaTiNbMo,BCC,CAST,,,1,1273.15,778.0,,,,,155.0,10.3390/e21010015,2018,"Effects of Mo, Nb, Ta, Ti, and Zr on Mechanical Properties of Equiatomic Hf-Mo-Nb-Ta-Ti-Zr Alloys",S4,HfTaTiNbMo,1.6328731420000002,1.6326198,2676.6000000000004,18.228200080133885,3.3158223982589377
HfTaTiNbMo,BCC,CAST,,,1,1473.15,699.0,,,,,155.0,10.3390/e21010015,2018,"Effects of Mo, Nb, Ta, Ti, and Zr on Mechanical Properties of Equiatomic Hf-Mo-Nb-Ta-Ti-Zr Alloys",S4,HfTaTiNbMo,1.6328731420000002,1.6326198,2676.6000000000004,18.228200080133885,3.3158223982589377
HfTaTiNbMo,BCC,CAST,,,1,1673.15,367.0,,,,,155.0,10.3390/e21010015,2018,"Effects of Mo, Nb, Ta, Ti, and Zr on Mechanical Properties of Equiatomic Hf-Mo-Nb-Ta-Ti-Zr Alloys",S4,HfTaTiNbMo,1.6328731420000002,1.6326198,2676.6000000000004,18.228200080133885,3.3158223982589377
HfZr2(Ti2V)2,BCC,CAST,,3.31534,1,298.15,1160.0,,50.0,,,100.0,10.1007/s40195-019-00921-3,2019,A Novel Series of Refractory High-Entropy Alloys Ti2ZrHf0.5VNbx with High Specific Yield Strength and Good Ductility,S4,HfZr2(Ti2V)2,1.6370146133333332,1.6365813333333332,2099.1111111111113,18.361213874207518,3.3238682035089506
HfZr2(Ti2V)2,BCC,CAST,,3.31534,1,873.15,405.0,,50.0,,,100.0,10.1007/s40195-019-00921-3,2019,A Novel Series of Refractory High-Entropy Alloys Ti2ZrHf0.5VNbx with High Specific Yield Strength and Good Ductility,S4,HfZr2(Ti2V)2,1.6370146133333332,1.6365813333333332,2099.1111111111113,18.361213874207518,3.3238682035089506
HfZr2(Ti2V)2,BCC,CAST,,3.31534,1,1073.15,85.0,,50.0,,,100.0,10.1007/s40195-019-00921-3,2019,A Novel Series of Refractory High-Entropy Alloys Ti2ZrHf0.5VNbx with High Specific Yield Strength and Good Ductility,S4,HfZr2(Ti2V)2,1.6370146133333332,1.6365813333333332,2099.1111111111113,18.361213874207518,3.3238682035089506
HfZr2Ti4NbV2,BCC,CAST,,3.1605000000000003,1,298.15,1065.0,,50.0,,,100.0,10.1007/s40195-019-00921-3,2019,A Novel Series of Refractory High-Entropy Alloys Ti2ZrHf0.5VNbx with High Specific Yield Strength and Good Ductility,S4,HfZr2Ti4NbV2,1.6358453180000003,1.6354331000000002,2164.2000000000003,18.322594034906245,3.321536161593807
HfZr2Ti4NbV2,BCC,CAST,,3.1605000000000003,1,873.15,718.0,,50.0,,,100.0,10.1007/s40195-019-00921-3,2019,A Novel Series of Refractory High-Entropy Alloys Ti2ZrHf0.5VNbx with High Specific Yield Strength and Good Ductility,S4,HfZr2Ti4NbV2,1.6358453180000003,1.6354331000000002,2164.2000000000003,18.322594034906245,3.321536161593807
HfZr2Ti4NbV2,BCC,CAST,,3.1605000000000003,1,1073.15,135.0,,50.0,,,100.0,10.1007/s40195-019-00921-3,2019,A Novel Series of Refractory High-Entropy Alloys Ti2ZrHf0.5VNbx with High Specific Yield Strength and Good Ductility,S4,HfZr2Ti4NbV2,1.6358453180000003,1.6354331000000002,2164.2000000000003,18.322594034906245,3.321536161593807
HfZrTaNbMo,BCC,CAST,,,1,298.15,1524.0,,16.0,,,141.0,10.3390/e21010015,2018,"Effects of Mo, Nb, Ta, Ti, and Zr on Mechanical Properties of Equiatomic Hf-Mo-Nb-Ta-Ti-Zr Alloys",S4,HfZrTaNbMo,1.6641180720000002,1.6638072,2714.0,19.292904179331146,3.3791634648461857
HfZrTaNbMo,BCC,CAST,,,1,1073.15,1005.0,,,,,141.0,10.3390/e21010015,2018,"Effects of Mo, Nb, Ta, Ti, and Zr on Mechanical Properties of Equiatomic Hf-Mo-Nb-Ta-Ti-Zr Alloys",S4,HfZrTaNbMo,1.6641180720000002,1.6638072,2714.0,19.292904179331146,3.3791634648461857
HfZrTaNbMo,BCC,CAST,,,1,1273.15,927.0,,,,,141.0,10.3390/e21010015,2018,"Effects of Mo, Nb, Ta, Ti, and Zr on Mechanical Properties of Equiatomic Hf-Mo-Nb-Ta-Ti-Zr Alloys",S4,HfZrTaNbMo,1.6641180720000002,1.6638072,2714.0,19.292904179331146,3.3791634648461857
HfZrTaNbMo,BCC,CAST,,,1,1473.15,694.0,,,,,141.0,10.3390/e21010015,2018,"Effects of Mo, Nb, Ta, Ti, and Zr on Mechanical Properties of Equiatomic Hf-Mo-Nb-Ta-Ti-Zr Alloys",S4,HfZrTaNbMo,1.6641180720000002,1.6638072,2714.0,19.292904179331146,3.3791634648461857
HfZrTaNbMo,BCC,CAST,,,1,1673.15,278.0,,,,,141.0,10.3390/e21010015,2018,"Effects of Mo, Nb, Ta, Ti, and Zr on Mechanical Properties of Equiatomic Hf-Mo-Nb-Ta-Ti-Zr Alloys",S4,HfZrTaNbMo,1.6641180720000002,1.6638072,2714.0,19.292904179331146,3.3791634648461857
HfZrTaTiMo,BCC,CAST,,,1,298.15,1600.0,,4.0,,,143.0,10.3390/e21010015,2018,"Effects of Mo, Nb, Ta, Ti, and Zr on Mechanical Properties of Equiatomic Hf-Mo-Nb-Ta-Ti-Zr Alloys",S4,HfZrTaTiMo,1.6620002780000003,1.6618823999999999,2552.2000000000003,19.226023764863243,3.375254229547086
HfZrTaTiMo,BCC,CAST,,,1,1073.15,1045.0,,,,,143.0,10.3390/e21010015,2018,"Effects of Mo, Nb, Ta, Ti, and Zr on Mechanical Properties of Equiatomic Hf-Mo-Nb-Ta-Ti-Zr Alloys",S4,HfZrTaTiMo,1.6620002780000003,1.6618823999999999,2552.2000000000003,19.226023764863243,3.375254229547086
HfZrTaTiMo,BCC,CAST,,,1,1273.15,855.0,,,,,143.0,10.3390/e21010015,2018,"Effects of Mo, Nb, Ta, Ti, and Zr on Mechanical Properties of Equiatomic Hf-Mo-Nb-Ta-Ti-Zr Alloys",S4,HfZrTaTiMo,1.6620002780000003,1.6618823999999999,2552.2000000000003,19.226023764863243,3.375254229547086
HfZrTaTiMo,BCC,CAST,,,1,1473.15,404.0,,,,,143.0,10.3390/e21010015,2018,"Effects of Mo, Nb, Ta, Ti, and Zr on Mechanical Properties of Equiatomic Hf-Mo-Nb-Ta-Ti-Zr Alloys",S4,HfZrTaTiMo,1.6620002780000003,1.6618823999999999,2552.2000000000003,19.226023764863243,3.375254229547086
HfZrTaTiNb,BCC,CAST,,,1,298.15,956.8333333333334,,,,,107.0,10.1016/j.matchar.2015.11.018,2016,Mechanical behavior and microstructure of Ti20Hf20Zr20Ta20Nb20 high-entropy alloy loaded under quasi-static and dynamic compression conditions,S4,HfZrTaTiNb,1.6768699280000001,1.676956,2523.0,19.753934640446523,3.4058684487929853
HfZrTaTiNb,BCC,OTHER,,,1,673.15,790.0,,50.0,,,107.0,10.1007/s10853-012-6260-2,2012,Microstructure and elevated temperature properties of a refractory TaNbHfZrTi alloy,S4,HfZrTaTiNb,1.6768699280000001,1.676956,2523.0,19.753934640446523,3.4058684487929853
HfZrTaTiNb,BCC,OTHER,,,1,873.15,675.0,,50.0,,,107.0,10.1007/s10853-012-6260-2,2012,Microstructure and elevated temperature properties of a refractory TaNbHfZrTi alloy,S4,HfZrTaTiNb,1.6768699280000001,1.676956,2523.0,19.753934640446523,3.4058684487929853
HfZrTaTiNb,BCC,OTHER,,,1,1073.15,535.0,,50.0,,,107.0,10.1007/s10853-012-6260-2,2012,Microstructure and elevated temperature properties of a refractory TaNbHfZrTi alloy,S4,HfZrTaTiNb,1.6768699280000001,1.676956,2523.0,19.753934640446523,3.4058684487929853
HfZrTaTiNb,BCC,OTHER,,,1,1273.15,295.0,,,,,107.0,10.1016/j.actamat.2019.06.032,2019,High temperature strength of refractory complex concentrated alloys,S4,HfZrTaTiNb,1.6768699280000001,1.676956,2523.0,19.753934640446523,3.4058684487929853
HfZrTaTiNb,BCC,OTHER,,,1,1473.15,92.0,,,,,107.0,10.1016/j.actamat.2019.06.032,2019,High temperature strength of refractory complex concentrated alloys,S4,HfZrTaTiNb,1.6768699280000001,1.676956,2523.0,19.753934640446523,3.4058684487929853
HfZrTaTiNbMo,BCC,CAST,,,1,298.15,1512.0,,12.0,,,137.0,10.3390/e21010015,2018,"Effects of Mo, Nb, Ta, Ti, and Zr on Mechanical Properties of Equiatomic Hf-Mo-Nb-Ta-Ti-Zr Alloys",S4,HfZrTaTiNbMo,1.6558871749999997,1.6557518333333332,2585.1666666666665,19.014037367659014,3.3628031553488236
HfZrTaTiNbMo,BCC,CAST,,,1,1073.15,1007.0,,,,,137.0,10.3390/e21010015,2018,"Effects of Mo, Nb, Ta, Ti, and Zr on Mechanical Properties of Equiatomic Hf-Mo-Nb-Ta-Ti-Zr Alloys",S4,HfZrTaTiNbMo,1.6558871749999997,1.6557518333333332,2585.1666666666665,19.014037367659014,3.3628031553488236
HfZrTaTiNbMo,BCC,CAST,,,1,1273.15,814.0,,,,,137.0,10.3390/e21010015,2018,"Effects of Mo, Nb, Ta, Ti, and Zr on Mechanical Properties of Equiatomic Hf-Mo-Nb-Ta-Ti-Zr Alloys",S4,HfZrTaTiNbMo,1.6558871749999997,1.6557518333333332,2585.1666666666665,19.014037367659014,3.3628031553488236
HfZrTaTiNbMo,BCC,CAST,,,1,1473.15,556.0,,,,,137.0,10.3390/e21010015,2018,"Effects of Mo, Nb, Ta, Ti, and Zr on Mechanical Properties of Equiatomic Hf-Mo-Nb-Ta-Ti-Zr Alloys",S4,HfZrTaTiNbMo,1.6558871749999997,1.6557518333333332,2585.1666666666665,19.014037367659014,3.3628031553488236
HfZrTaTiNbMoW,BCC+Laves,CAST,31.7,,1,298.15,1637.0,,15.5,,,,10.1016/j.jallcom.2019.06.138,2019,Microstructures and mechanical properties of HfNbTaTiZrW and HfNbTaTiZrMoW refractory high-entropy alloys,S4,HfZrTaTiNbMoW,1.6423062728571427,1.6418202857142856,2743.7142857142853,18.53811027816119,3.3345084246113617
HfZrTaTiNbMoW,BCC+Laves,CAST,,,1,1073.15,1065.0,,35.0,,,,10.1016/j.jallcom.2019.06.138,2019,Microstructures and mechanical properties of HfNbTaTiZrW and HfNbTaTiZrMoW refractory high-entropy alloys,S4,HfZrTaTiNbMoW,1.6423062728571427,1.6418202857142856,2743.7142857142853,18.53811027816119,3.3345084246113617
HfZrTaTiNbMoW,BCC+Laves,CAST,,,1,1273.15,736.0,,35.0,,,,10.1016/j.jallcom.2019.06.138,2019,Microstructures and mechanical properties of HfNbTaTiZrW and HfNbTaTiZrMoW refractory high-entropy alloys,S4,HfZrTaTiNbMoW,1.6423062728571427,1.6418202857142856,2743.7142857142853,18.53811027816119,3.3345084246113617
HfZrTaTiNbMoW,BCC+Laves,CAST,,,1,1473.15,703.0,,35.0,,,,10.1016/j.jallcom.2019.06.138,2019,Microstructures and mechanical properties of HfNbTaTiZrW and HfNbTaTiZrMoW refractory high-entropy alloys,S4,HfZrTaTiNbMoW,1.6423062728571427,1.6418202857142856,2743.7142857142853,18.53811027816119,3.3345084246113617
HfZrTaTiNbW,BCC+Laves,CAST,29.4,,1,298.15,1550.0,,26.3,,,,10.1016/j.jallcom.2019.06.138,2019,Microstructures and mechanical properties of HfNbTaTiZrW and HfNbTaTiZrMoW refractory high-entropy alloys,S4,HfZrTaTiNbW,1.6575284166666666,1.6571685,2718.333333333333,19.06288455472591,3.36568038069192
HfZrTaTiNbW,BCC+Laves,CAST,,,1,1073.15,577.0,,35.0,,,,10.1016/j.jallcom.2019.06.138,2019,Microstructures and mechanical properties of HfNbTaTiZrW and HfNbTaTiZrMoW refractory high-entropy alloys,S4,HfZrTaTiNbW,1.6575284166666666,1.6571685,2718.333333333333,19.06288455472591,3.36568038069192
HfZrTaTiNbW,BCC+Laves,CAST,,,1,1273.15,409.0,,35.0,,,,10.1016/j.jallcom.2019.06.138,2019,Microstructures and mechanical properties of HfNbTaTiZrW and HfNbTaTiZrMoW refractory high-entropy alloys,S4,HfZrTaTiNbW,1.6575284166666666,1.6571685,2718.333333333333,19.06288455472591,3.36568038069192
HfZrTaTiNbW,BCC+Laves,CAST,,,1,1473.15,345.0,,35.0,,,,10.1016/j.jallcom.2019.06.138,2019,Microstructures and mechanical properties of HfNbTaTiZrW and HfNbTaTiZrMoW refractory high-entropy alloys,S4,HfZrTaTiNbW,1.6575284166666666,1.6571685,2718.333333333333,19.06288455472591,3.36568038069192
HfZrTiNb,BCC,CAST,,3.4398,1,298.15,1000.0,,52.0,,,89.0,10.1007/s12598-019-01310-6,2019,Microstructure and mechanical properties of NbZrTi and NbHfZrTi alloys,S4,HfZrTiNb,1.6898800875,1.6896110000000002,2331.25,20.20453194743504,3.431570533534312
HfZrTiNb,BCC,CAST,,,1,1073.15,303.0,,51.0,,,89.0,10.1007/s12598-019-01310-6,2019,Microstructure and mechanical properties of NbZrTi and NbHfZrTi alloys,S4,HfZrTiNb,1.6898800875,1.6896110000000002,2331.25,20.20453194743504,3.431570533534312
HfZrTiNb,BCC,CAST,,,1,1273.15,154.0,,51.0,,,89.0,10.1007/s12598-019-01310-6,2019,Microstructure and mechanical properties of NbZrTi and NbHfZrTi alloys,S4,HfZrTiNb,1.6898800875,1.6896110000000002,2331.25,20.20453194743504,3.431570533534312
HfZrTiNbMo,BCC,CAST,,,1,298.15,1587.8,,20.0,,,128.0,10.3390/e21010015,2018,"Effects of Mo, Nb, Ta, Ti, and Zr on Mechanical Properties of Equiatomic Hf-Mo-Nb-Ta-Ti-Zr Alloys",S4,HfZrTiNbMo,1.6620987520000001,1.661635,2444.2,19.217438662407666,3.3747517644530522
HfZrTiNbMo,BCC,CAST,,,1,1073.15,827.0,,,,,128.0,10.3390/e21010015,2018,"Effects of Mo, Nb, Ta, Ti, and Zr on Mechanical Properties of Equiatomic Hf-Mo-Nb-Ta-Ti-Zr Alloys",S4,HfZrTiNbMo,1.6620987520000001,1.661635,2444.2,19.217438662407666,3.3747517644530522
HfZrTiNbMo,BCC,CAST,,,1,1273.15,663.6666666666666,,,,,128.0,10.3390/e21010015,2018,"Effects of Mo, Nb, Ta, Ti, and Zr on Mechanical Properties of Equiatomic Hf-Mo-Nb-Ta-Ti-Zr Alloys",S4,HfZrTiNbMo,1.6620987520000001,1.661635,2444.2,19.217438662407666,3.3747517644530522
HfZrTiNbMo,BCC,CAST,,,1,1473.15,225.0,,,,,128.0,10.3390/e21010015,2018,"Effects of Mo, Nb, Ta, Ti, and Zr on Mechanical Properties of Equiatomic Hf-Mo-Nb-Ta-Ti-Zr Alloys",S4,HfZrTiNbMo,1.6620987520000001,1.661635,2444.2,19.217438662407666,3.3747517644530522
Mn219Al122Cr175Fe350Ni131,B2+BCC,CAST,175.0,,1,298.15,942.0,,,,,,10.1016/j.jallcom.2018.08.093,2019,Effect of Al on structure and mechanical properties of Fe-Mn-Cr-Ni-Al non-equiatomic high entropy alloys with high Fe content,S4,Mn219Al122Cr175Fe350Ni131,1.435312462668004,1.4290702718154464,1693.3240120361083,12.225013969646033,2.9024168492698945
Mn219Al122Cr175Fe350Ni131,B2+BCC,CAST,,,1,673.15,833.0,,,,,,10.1016/j.jallcom.2018.08.093,2019,Effect of Al on structure and mechanical properties of Fe-Mn-Cr-Ni-Al non-equiatomic high entropy alloys with high Fe content,S4,Mn219Al122Cr175Fe350Ni131,1.435312462668004,1.4290702718154464,1693.3240120361083,12.225013969646033,2.9024168492698945
Mn219Al122Cr175Fe350Ni131,B2+BCC,CAST,,,1,873.15,326.0,,,,,,10.1016/j.jallcom.2018.08.093,2019,Effect of Al on structure and mechanical properties of Fe-Mn-Cr-Ni-Al non-equiatomic high entropy alloys with high Fe content,S4,Mn219Al122Cr175Fe350Ni131,1.435312462668004,1.4290702718154464,1693.3240120361083,12.225013969646033,2.9024168492698945
Mn227Al90Cr181Fe363Ni136,B2+BCC,CAST,175.0,,1,298.15,994.0,,,,,,10.1016/j.jallcom.2018.08.093,2019,Effect of Al on structure and mechanical properties of Fe-Mn-Cr-Ni-Al non-equiatomic high entropy alloys with high Fe content,S4,Mn227Al90Cr181Fe363Ni136,1.429912591263791,1.4248263851554663,1720.955667001003,12.116423814123898,2.8937975893277854
Mn227Al90Cr181Fe363Ni136,B2+BCC,CAST,,,1,673.15,943.0,,,,,,10.1016/j.jallcom.2018.08.093,2019,Effect of Al on structure and mechanical properties of Fe-Mn-Cr-Ni-Al non-equiatomic high entropy alloys with high Fe content,S4,Mn227Al90Cr181Fe363Ni136,1.429912591263791,1.4248263851554663,1720.955667001003,12.116423814123898,2.8937975893277854
Mn227Al90Cr181Fe363Ni136,B2+BCC,CAST,,,1,873.15,359.0,,,,,,10.1016/j.jallcom.2018.08.093,2019,Effect of Al on structure and mechanical properties of Fe-Mn-Cr-Ni-Al non-equiatomic high entropy alloys with high Fe content,S4,Mn227Al90Cr181Fe363Ni136,1.429912591263791,1.4248263851554663,1720.955667001003,12.116423814123898,2.8937975893277854
Mn235Al56Cr188Fe377Ni141,FCC+BCC,CAST,,,1,298.15,550.0,,,,,,10.1016/j.jallcom.2018.08.093,2019,Effect of Al on structure and mechanical properties of Fe-Mn-Cr-Ni-Al non-equiatomic high entropy alloys with high Fe content,S4,Mn235Al56Cr188Fe377Ni141,1.4241908847642928,1.4203232537612838,1750.718074222668,12.001905464631875,2.8846518078426326
Mn235Al56Cr188Fe377Ni141,FCC+BCC,CAST,,,1,673.15,469.0,,,,,,10.1016/j.jallcom.2018.08.093,2019,Effect of Al on structure and mechanical properties of Fe-Mn-Cr-Ni-Al non-equiatomic high entropy alloys with high Fe content,S4,Mn235Al56Cr188Fe377Ni141,1.4241908847642928,1.4203232537612838,1750.718074222668,12.001905464631875,2.8846518078426326
Mn235Al56Cr188Fe377Ni141,FCC+BCC,CAST,,,1,873.15,272.0,,,,,,10.1016/j.jallcom.2018.08.093,2019,Effect of Al on structure and mechanical properties of Fe-Mn-Cr-Ni-Al non-equiatomic high entropy alloys with high Fe content,S4,Mn235Al56Cr188Fe377Ni141,1.4241908847642928,1.4203232537612838,1750.718074222668,12.001905464631875,2.8846518078426326
Mn245Al19Cr196(Fe8Ni3)49,FCC+BCC,CAST,,,1,298.15,354.0,,,,,,10.1016/j.jallcom.2018.08.093,2019,Effect of Al on structure and mechanical properties of Fe-Mn-Cr-Ni-Al non-equiatomic high entropy alloys with high Fe content,S4,Mn245Al19Cr196(Fe8Ni3)49,1.4179621518218215,1.4154212492492493,1782.878958958959,11.878066244124861,2.874695921997459
Mn245Al19Cr196(Fe8Ni3)49,FCC+BCC,CAST,,,1,673.15,260.0,,,,,,10.1016/j.jallcom.2018.08.093,2019,Effect of Al on structure and mechanical properties of Fe-Mn-Cr-Ni-Al non-equiatomic high entropy alloys with high Fe content,S4,Mn245Al19Cr196(Fe8Ni3)49,1.4179621518218215,1.4154212492492493,1782.878958958959,11.878066244124861,2.874695921997459
Mn245Al19Cr196(Fe8Ni3)49,FCC+BCC,CAST,,,1,873.15,155.0,,,,,,10.1016/j.jallcom.2018.08.093,2019,Effect of Al on structure and mechanical properties of Fe-Mn-Cr-Ni-Al non-equiatomic high entropy alloys with high Fe content,S4,Mn245Al19Cr196(Fe8Ni3)49,1.4179621518218215,1.4154212492492493,1782.878958958959,11.878066244124861,2.874695921997459
Mn5Cr4Fe8Ni3,FCC+BCC,CAST,75.0,,1,298.15,219.0,,,,,,10.1016/j.jallcom.2018.08.093,2019,Effect of Al on structure and mechanical properties of Fe-Mn-Cr-Ni-Al non-equiatomic high entropy alloys with high Fe content,S4,Mn5Cr4Fe8Ni3,1.4147715565,1.4129108499999998,1799.3500000000001,11.814977252207298,2.8695973448154146
Mn5Cr4Fe8Ni3,FCC+BCC,CAST,,,1,673.15,132.0,,,,,,10.1016/j.jallcom.2018.08.093,2019,Effect of Al on structure and mechanical properties of Fe-Mn-Cr-Ni-Al non-equiatomic high entropy alloys with high Fe content,S4,Mn5Cr4Fe8Ni3,1.4147715565,1.4129108499999998,1799.3500000000001,11.814977252207298,2.8695973448154146
Mn5Cr4Fe8Ni3,FCC+BCC,CAST,,,1,873.15,115.0,,,,,,10.1016/j.jallcom.2018.08.093,2019,Effect of Al on structure and mechanical properties of Fe-Mn-Cr-Ni-Al non-equiatomic high entropy alloys with high Fe content,S4,Mn5Cr4Fe8Ni3,1.4147715565,1.4129108499999998,1799.3500000000001,11.814977252207298,2.8695973448154146
Ta232Ti69V232(CrW)232,BCC+Laves,POWDER,,7.644000000000001,1,298.15,2050.0,,1.5,,,,10.1016/j.matchemphys.2017.06.054,2018,The effect of Ti on the sintering and mechanical properties of refractory high-entropy alloy TixWTaVCr fabricated via spark plasma sintering for fusion plasma-facing materials,S4,Ta232Ti69V232(CrW)232,1.533616952306921,1.5297560030090271,2774.989969909729,14.99529823384529,3.106907816901644
Ta232Ti69V232(CrW)232,BCC+Laves,POWDER,,,1,1473.15,586.0,,1.5,,,,10.1016/j.matchemphys.2017.06.054,2018,The effect of Ti on the sintering and mechanical properties of refractory high-entropy alloy TixWTaVCr fabricated via spark plasma sintering for fusion plasma-facing materials,S4,Ta232Ti69V232(CrW)232,1.533616952306921,1.5297560030090271,2774.989969909729,14.99529823384529,3.106907816901644
Ta239Ti40V239(CrW)239,BCC+Laves,POWDER,,7.007000000000001,1,298.15,2034.0,,1.5,,,,10.1016/j.matchemphys.2017.06.054,2018,The effect of Ti on the sintering and mechanical properties of refractory high-entropy alloy TixWTaVCr fabricated via spark plasma sintering for fusion plasma-facing materials,S4,Ta239Ti40V239(CrW)239,1.5310855959136545,1.5270809939759034,2801.016064257028,14.916771090601717,3.101474920113563
Ta239Ti40V239(CrW)239,BCC+Laves,POWDER,,,1,1473.15,750.0,,1.5,,,,10.1016/j.matchemphys.2017.06.054,2018,The effect of Ti on the sintering and mechanical properties of refractory high-entropy alloy TixWTaVCr fabricated via spark plasma sintering for fusion plasma-facing materials,S4,Ta239Ti40V239(CrW)239,1.5310855959136545,1.5270809939759034,2801.016064257028,14.916771090601717,3.101474920113563
TaNbMoW,BCC,POWDER,,4.944100000000001,1,298.15,1066.75,,7.5,3.8,,250.0,10.1007/s10853-019-03567-9,2019,Correction to: Effect of Si additions on microstructure and mechanical properties of refractory NbTaWMo high-entropy alloys,S4,TaNbMoW,1.590486305,1.58984925,3157.75,16.832803292626288,3.228956155624949
TaNbMoW,BCC,CAST,,,1,873.15,561.0,,40.0,,,250.0,10.1016/j.intermet.2011.01.004,2011,Mechanical properties of Nb25Mo25Ta25W25 and V20Nb20Mo20Ta20W20 refractory high entropy alloys,S4,TaNbMoW,1.590486305,1.58984925,3157.75,16.832803292626288,3.228956155624949
TaNbMoW,BCC,CAST,,,1,1073.15,552.0,,40.0,,,250.0,10.1016/j.intermet.2011.01.004,2011,Mechanical properties of Nb25Mo25Ta25W25 and V20Nb20Mo20Ta20W20 refractory high entropy alloys,S4,TaNbMoW,1.590486305,1.58984925,3157.75,16.832803292626288,3.228956155624949
TaNbMoW,BCC,OTHER,,,1,1273.15,548.0,,,,,250.0,10.1016/j.actamat.2019.06.032,2019,High temperature strength of refractory complex concentrated alloys,S4,TaNbMoW,1.590486305,1.58984925,3157.75,16.832803292626288,3.228956155624949
TaNbMoW,BCC,OTHER,,,1,1473.15,506.0,,,,,250.0,10.1016/j.actamat.2019.06.032,2019,High temperature strength of refractory complex concentrated alloys,S4,TaNbMoW,1.590486305,1.58984925,3157.75,16.832803292626288,3.228956155624949
TaNbMoW,BCC,CAST,,,1,1673.15,421.0,,40.0,,,250.0,10.1016/j.intermet.2011.01.004,2011,Mechanical properties of Nb25Mo25Ta25W25 and V20Nb20Mo20Ta20W20 refractory high entropy alloys,S4,TaNbMoW,1.590486305,1.58984925,3157.75,16.832803292626288,3.228956155624949
TaNbMoW,BCC,CAST,,,1,1873.15,405.0,,40.0,,,250.0,10.1016/j.intermet.2011.01.004,2011,Mechanical properties of Nb25Mo25Ta25W25 and V20Nb20Mo20Ta20W20 refractory high entropy alloys,S4,TaNbMoW,1.590486305,1.58984925,3157.75,16.832803292626288,3.228956155624949
TaNbVMoW,BCC,POWDER,,,1,298.15,1701.3333333333333,3472.0,,,,229.0,10.1016/j.msea.2017.12.021,2018,Ultra-high strength WNbMoTaV high-entropy alloys with fine grain structure fabricated by powder metallurgical process,S4,TaNbVMoW,1.570766786,1.5696844,2962.8,16.200396195244277,3.1880016962416122
TaNbVMoW,BCC,CAST,,,1,873.15,862.0,,13.0,,,229.0,10.1016/j.intermet.2011.01.004,2011,Mechanical properties of Nb25Mo25Ta25W25 and V20Nb20Mo20Ta20W20 refractory high entropy alloys,S4,TaNbVMoW,1.570766786,1.5696844,2962.8,16.200396195244277,3.1880016962416122
TaNbVMoW,BCC,CAST,,,1,1073.15,846.0,,17.0,,,229.0,10.1016/j.intermet.2011.01.004,2011,Mechanical properties of Nb25Mo25Ta25W25 and V20Nb20Mo20Ta20W20 refractory high entropy alloys,S4,TaNbVMoW,1.570766786,1.5696844,2962.8,16.200396195244277,3.1880016962416122
TaNbVMoW,BCC,OTHER,,,1,1273.15,842.0,,,,,229.0,10.1016/j.actamat.2019.06.032,2019,High temperature strength of refractory complex concentrated alloys,S4,TaNbVMoW,1.570766786,1.5696844,2962.8,16.200396195244277,3.1880016962416122
TaNbVMoW,BCC,OTHER,,,1,1473.15,735.0,,,,,229.0,10.1016/j.actamat.2019.06.032,2019,High temperature strength of refractory complex concentrated alloys,S4,TaNbVMoW,1.570766786,1.5696844,2962.8,16.200396195244277,3.1880016962416122
TaNbVMoW,BCC,CAST,,,1,1673.15,656.0,,40.0,,,229.0,10.1016/j.intermet.2011.01.004,2011,Mechanical properties of Nb25Mo25Ta25W25 and V20Nb20Mo20Ta20W20 refractory high entropy alloys,S4,TaNbVMoW,1.570766786,1.5696844,2962.8,16.200396195244277,3.1880016962416122
TaNbVMoW,BCC,CAST,,,1,1873.15,477.0,,40.0,,,229.0,10.1016/j.intermet.2011.01.004,2011,Mechanical properties of Nb25Mo25Ta25W25 and V20Nb20Mo20Ta20W20 refractory high entropy alloys,S4,TaNbVMoW,1.570766786,1.5696844,2962.8,16.200396195244277,3.1880016962416122
TaTiCrMo,BCC+Laves,ANNEAL,,,1,293.15,1795.0,,,,,,10.1016/j.actamat.2019.06.006,2019,Solid-solution strengthening in refractory high entropy alloys,S4,TaTiCrMo,1.55583485,1.55287,2576.75,15.685338984676454,3.1538519424941165
TaTiCrMo,BCC+Laves,ANNEAL,,,1,373.15,1506.0,,,,,,10.1016/j.actamat.2019.06.006,2019,Solid-solution strengthening in refractory high entropy alloys,S4,TaTiCrMo,1.55583485,1.55287,2576.75,15.685338984676454,3.1538519424941165
TaTiCrMo,BCC+Laves,ANNEAL,,,1,473.15,1266.0,,,,,,10.1016/j.actamat.2019.06.006,2019,Solid-solution strengthening in refractory high entropy alloys,S4,TaTiCrMo,1.55583485,1.55287,2576.75,15.685338984676454,3.1538519424941165
TaTiCrMo,BCC+Laves,ANNEAL,,,1,573.15,1183.0,,,,,,10.1016/j.actamat.2019.06.006,2019,Solid-solution strengthening in refractory high entropy alloys,S4,TaTiCrMo,1.55583485,1.55287,2576.75,15.685338984676454,3.1538519424941165
TaTiCrMo,BCC+Laves,ANNEAL,,,1,673.15,1175.0,,,,,,10.1016/j.actamat.2019.06.006,2019,Solid-solution strengthening in refractory high entropy alloys,S4,TaTiCrMo,1.55583485,1.55287,2576.75,15.685338984676454,3.1538519424941165
TaTiCrMo,BCC+Laves,ANNEAL,,,1,873.15,1162.0,,,,,,10.1016/j.actamat.2019.06.006,2019,Solid-solution strengthening in refractory high entropy alloys,S4,TaTiCrMo,1.55583485,1.55287,2576.75,15.685338984676454,3.1538519424941165
TaTiCrMo,BCC+Laves,ANNEAL,,,1,1073.15,1162.0,,,,,,10.1016/j.actamat.2019.06.006,2019,Solid-solution strengthening in refractory high entropy alloys,S4,TaTiCrMo,1.55583485,1.55287,2576.75,15.685338984676454,3.1538519424941165
TaTiCrMo,BCC+Laves,ANNEAL,,,1,1273.15,1159.0,,,,,,10.1016/j.actamat.2019.06.006,2019,Solid-solution strengthening in refractory high entropy alloys,S4,TaTiCrMo,1.55583485,1.55287,2576.75,15.685338984676454,3.1538519424941165
TaTiNb,BCC,WROUGHT,,,1,293.15,573.0,,,,,136.0,10.1016/j.actamat.2019.06.006,2019,Solid-solution strengthening in refractory high entropy alloys,S4,TaTiNb,1.62162788,1.6223033333333332,2660.333333333333,17.8848289482226,3.294869834015734
TaTiNb,BCC,WROUGHT,,,1,373.15,486.0,,,,,136.0,10.1016/j.actamat.2019.06.006,2019,Solid-solution strengthening in refractory high entropy alloys,S4,TaTiNb,1.62162788,1.6223033333333332,2660.333333333333,17.8848289482226,3.294869834015734
TaTiNb,BCC,WROUGHT,,,1,473.15,378.0,,,,,136.0,10.1016/j.actamat.2019.06.006,2019,Solid-solution strengthening in refractory high entropy alloys,S4,TaTiNb,1.62162788,1.6223033333333332,2660.333333333333,17.8848289482226,3.294869834015734
TaTiNb,BCC,WROUGHT,,,1,573.15,314.0,,,,,136.0,10.1016/j.actamat.2019.06.006,2019,Solid-solution strengthening in refractory high entropy alloys,S4,TaTiNb,1.62162788,1.6223033333333332,2660.333333333333,17.8848289482226,3.294869834015734
TaTiNb,BCC,WROUGHT,,,1,673.15,232.0,,,,,136.0,10.1016/j.actamat.2019.06.006,2019,Solid-solution strengthening in refractory high entropy alloys,S4,TaTiNb,1.62162788,1.6223033333333332,2660.333333333333,17.8848289482226,3.294869834015734
TaTiNb,BCC,WROUGHT,,,1,873.15,222.0,,,,,136.0,10.1016/j.actamat.2019.06.006,2019,Solid-solution strengthening in refractory high entropy alloys,S4,TaTiNb,1.62162788,1.6223033333333332,2660.333333333333,17.8848289482226,3.294869834015734
TaTiNb,BCC,WROUGHT,,,1,1073.15,210.0,,,,,136.0,10.1016/j.actamat.2019.06.006,2019,Solid-solution strengthening in refractory high entropy alloys,S4,TaTiNb,1.62162788,1.6223033333333332,2660.333333333333,17.8848289482226,3.294869834015734
TaTiNb,BCC,WROUGHT,,,1,1273.15,160.0,,,,,136.0,10.1016/j.actamat.2019.06.006,2019,Solid-solution strengthening in refractory high entropy alloys,S4,TaTiNb,1.62162788,1.6223033333333332,2660.333333333333,17.8848289482226,3.294869834015734
TaTiNbAl,BCC,CAST,,,1,293.15,1152.0,,,,,120.0,10.1016/j.actamat.2019.06.006,2019,Solid-solution strengthening in refractory high entropy alloys,S4,TaTiNbAl,1.6118533350000002,1.6029537500000002,2228.58,17.25248207406611,3.2555711670427847
TaTiNbAl,BCC,CAST,,,1,373.15,740.0,,,,,120.0,10.1016/j.actamat.2019.06.006,2019,Solid-solution strengthening in refractory high entropy alloys,S4,TaTiNbAl,1.6118533350000002,1.6029537500000002,2228.58,17.25248207406611,3.2555711670427847
TaTiNbAl,BCC,CAST,,,1,473.15,740.0,,,,,120.0,10.1016/j.actamat.2019.06.006,2019,Solid-solution strengthening in refractory high entropy alloys,S4,TaTiNbAl,1.6118533350000002,1.6029537500000002,2228.58,17.25248207406611,3.2555711670427847
TaTiNbMo,BCC,ANNEAL,,,1,293.15,1210.0,,,,,179.0,10.1016/j.actamat.2019.06.006,2019,Solid-solution strengthening in refractory high entropy alloys,S4,TaTiNbMo,1.6039642625000001,1.60416025,2719.25,17.29146783494316,3.2580215475438044
TaTiNbMo,BCC,ANNEAL,,,1,333.15,1071.0,,,,,179.0,10.1016/j.actamat.2019.06.006,2019,Solid-solution strengthening in refractory high entropy alloys,S4,TaTiNbMo,1.6039642625000001,1.60416025,2719.25,17.29146783494316,3.2580215475438044
TaTiNbMo,BCC,ANNEAL,,,1,373.15,1029.0,,,,,179.0,10.1016/j.actamat.2019.06.006,2019,Solid-solution strengthening in refractory high entropy alloys,S4,TaTiNbMo,1.6039642625000001,1.60416025,2719.25,17.29146783494316,3.2580215475438044
TaTiNbMo,BCC,ANNEAL,,,1,473.15,868.0,,,,,179.0,10.1016/j.actamat.2019.06.006,2019,Solid-solution strengthening in refractory high entropy alloys,S4,TaTiNbMo,1.6039642625000001,1.60416025,2719.25,17.29146783494316,3.2580215475438044
TaTiNbMo,BCC,ANNEAL,,,1,573.15,732.0,,,,,179.0,10.1016/j.actamat.2019.06.006,2019,Solid-solution strengthening in refractory high entropy alloys,S4,TaTiNbMo,1.6039642625000001,1.60416025,2719.25,17.29146783494316,3.2580215475438044
TaTiNbMo,BCC,ANNEAL,,,1,673.15,685.0,,,,,179.0,10.1016/j.actamat.2019.06.006,2019,Solid-solution strengthening in refractory high entropy alloys,S4,TaTiNbMo,1.6039642625000001,1.60416025,2719.25,17.29146783494316,3.2580215475438044
TaTiNbMo,BCC,ANNEAL,,,1,873.15,593.0,,,,,179.0,10.1016/j.actamat.2019.06.006,2019,Solid-solution strengthening in refractory high entropy alloys,S4,TaTiNbMo,1.6039642625000001,1.60416025,2719.25,17.29146783494316,3.2580215475438044
TaTiNbMo,BCC,ANNEAL,,,1,1073.15,564.0,,,,,179.0,10.1016/j.actamat.2019.06.006,2019,Solid-solution strengthening in refractory high entropy alloys,S4,TaTiNbMo,1.6039642625000001,1.60416025,2719.25,17.29146783494316,3.2580215475438044
TaTiNbMo,BCC,ANNEAL,,,1,1273.15,539.0,,,,,179.0,10.1016/j.actamat.2019.06.006,2019,Solid-solution strengthening in refractory high entropy alloys,S4,TaTiNbMo,1.6039642625000001,1.60416025,2719.25,17.29146783494316,3.2580215475438044
TaTiNbMoW,BCC,CAST,,,1,298.15,1380.3333333333333,2005.0,,,,222.0,10.1016/j.intermet.2017.01.007,2017,Effect of Ti additions on mechanical properties of NbMoTaW and VNbMoTaW refractory high entropy alloys,S4,TaTiNbMoW,1.5953355820000001,1.5949744,2914.4,16.996118868780943,3.2393652460723614
TaTiNbMoW,BCC,CAST,,,1,873.15,689.0,1681.0,,,,222.0,10.1016/j.intermet.2017.01.007,2017,Effect of Ti additions on mechanical properties of NbMoTaW and VNbMoTaW refractory high entropy alloys,S4,TaTiNbMoW,1.5953355820000001,1.5949744,2914.4,16.996118868780943,3.2393652460723614
TaTiNbMoW,BCC,CAST,,,1,1073.15,674.0,1618.0,,,,222.0,10.1016/j.intermet.2017.01.007,2017,Effect of Ti additions on mechanical properties of NbMoTaW and VNbMoTaW refractory high entropy alloys,S4,TaTiNbMoW,1.5953355820000001,1.5949744,2914.4,16.996118868780943,3.2393652460723614
TaTiNbMoW,BCC,CAST,,,1,1273.15,620.0,,,,,222.0,10.1016/j.actamat.2019.06.032,2019,High temperature strength of refractory complex concentrated alloys,S4,TaTiNbMoW,1.5953355820000001,1.5949744,2914.4,16.996118868780943,3.2393652460723614
TaTiNbMoW,BCC,CAST,,,1,1473.15,586.0,,,,,222.0,10.1016/j.actamat.2019.06.032,2019,High temperature strength of refractory complex concentrated alloys,S4,TaTiNbMoW,1.5953355820000001,1.5949744,2914.4,16.996118868780943,3.2393652460723614
TaTiNbVMoW,BCC,CAST,,,1,298.15,1515.0,2135.0,,,,209.0,10.1016/j.intermet.2017.01.007,2017,Effect of Ti additions on mechanical properties of NbMoTaW and VNbMoTaW refractory high entropy alloys,S4,TaTiNbVMoW,1.5780944366666665,1.5773161666666664,2792.5,16.437844706000156,3.2035016815116784
TaTiNbVMoW,BCC,CAST,,,1,873.15,973.0,1590.0,,,,209.0,10.1016/j.intermet.2017.01.007,2017,Effect of Ti additions on mechanical properties of NbMoTaW and VNbMoTaW refractory high entropy alloys,S4,TaTiNbVMoW,1.5780944366666665,1.5773161666666664,2792.5,16.437844706000156,3.2035016815116784
TaTiNbVMoW,BCC,CAST,,,1,1073.15,791.3,1180.0,,,,209.0,10.1016/j.intermet.2017.01.007,2017,Effect of Ti additions on mechanical properties of NbMoTaW and VNbMoTaW refractory high entropy alloys,S4,TaTiNbVMoW,1.5780944366666665,1.5773161666666664,2792.5,16.437844706000156,3.2035016815116784
TaTiNbVMoW,BCC,CAST,,,1,1273.15,752.9,,,,,209.0,10.1016/j.actamat.2019.06.032,2019,High temperature strength of refractory complex concentrated alloys,S4,TaTiNbVMoW,1.5780944366666665,1.5773161666666664,2792.5,16.437844706000156,3.2035016815116784
TaTiNbVMoW,BCC,CAST,,,1,1473.15,659.0,,,,,209.0,10.1016/j.actamat.2019.06.032,2019,High temperature strength of refractory complex concentrated alloys,S4,TaTiNbVMoW,1.5780944366666665,1.5773161666666664,2792.5,16.437844706000156,3.2035016815116784
TaTiNbW,BCC,ANNEAL,,,1,293.15,1054.0,,,,,198.0,10.1016/j.actamat.2019.06.006,2019,Solid-solution strengthening in refractory high entropy alloys,S4,TaTiNbW,1.606426125,1.6062852500000002,2919.0,17.36027592041187,3.2623373855584488
TaTiNbW,BCC,ANNEAL,,,1,373.15,968.0,,,,,198.0,10.1016/j.actamat.2019.06.006,2019,Solid-solution strengthening in refractory high entropy alloys,S4,TaTiNbW,1.606426125,1.6062852500000002,2919.0,17.36027592041187,3.2623373855584488
TaTiNbW,BCC,ANNEAL,,,1,473.15,869.0,,,,,198.0,10.1016/j.actamat.2019.06.006,2019,Solid-solution strengthening in refractory high entropy alloys,S4,TaTiNbW,1.606426125,1.6062852500000002,2919.0,17.36027592041187,3.2623373855584488
TaTiNbW,BCC,ANNEAL,,,1,573.15,754.0,,,,,198.0,10.1016/j.actamat.2019.06.006,2019,Solid-solution strengthening in refractory high entropy alloys,S4,TaTiNbW,1.606426125,1.6062852500000002,2919.0,17.36027592041187,3.2623373855584488
TaTiNbW,BCC,ANNEAL,,,1,673.15,627.0,,,,,198.0,10.1016/j.actamat.2019.06.006,2019,Solid-solution strengthening in refractory high entropy alloys,S4,TaTiNbW,1.606426125,1.6062852500000002,2919.0,17.36027592041187,3.2623373855584488
TaTiNbW,BCC,ANNEAL,,,1,873.15,596.0,,,,,198.0,10.1016/j.actamat.2019.06.006,2019,Solid-solution strengthening in refractory high entropy alloys,S4,TaTiNbW,1.606426125,1.6062852500000002,2919.0,17.36027592041187,3.2623373855584488
TaTiNbW,BCC,ANNEAL,,,1,1073.15,564.0,,,,,198.0,10.1016/j.actamat.2019.06.006,2019,Solid-solution strengthening in refractory high entropy alloys,S4,TaTiNbW,1.606426125,1.6062852500000002,2919.0,17.36027592041187,3.2623373855584488
TaTiNbW,BCC,ANNEAL,,,1,1273.15,459.0,,,,,198.0,10.1016/j.actamat.2019.06.006,2019,Solid-solution strengthening in refractory high entropy alloys,S4,TaTiNbW,1.606426125,1.6062852500000002,2919.0,17.36027592041187,3.2623373855584488
TaVCrW,BCC+Laves,POWDER,,7.007000000000001,1,298.15,2327.0,,1.5,,,,10.1016/j.matchemphys.2017.06.054,2018,The effect of Ti on the sintering and mechanical properties of refractory high-entropy alloy TixWTaVCr fabricated via spark plasma sintering for fusion plasma-facing materials,S4,TaVCrW,1.5275857175,1.5233825,2837.0,14.808650934225982,3.0939633432203233
TaVCrW,BCC+Laves,POWDER,,,1,1473.15,979.0,,1.5,,,,10.1016/j.matchemphys.2017.06.054,2018,The effect of Ti on the sintering and mechanical properties of refractory high-entropy alloy TixWTaVCr fabricated via spark plasma sintering for fusion plasma-facing materials,S4,TaVCrW,1.5275857175,1.5233825,2837.0,14.808650934225982,3.0939633432203233
Ti181Nb181Al181V181Cr272,BCC+Laves,ANNEAL,,,1,298.15,1700.0,1700.0,,,,,10.1016/j.jallcom.2015.08.224,2015,"Structure and mechanical properties of the AlCrxNbTiV (x = 0, 0.5, 1, 1.5) high entropy alloys",S4,Ti181Nb181Al181V181Cr272,1.5387974500803214,1.5280204417670684,2014.1414859437755,14.944318058608605,3.1033829222264497
Ti181Nb181Al181V181Cr272,BCC+Laves,ANNEAL,,,1,873.15,1370.0,1480.0,,,,,10.1016/j.jallcom.2015.08.224,2015,"Structure and mechanical properties of the AlCrxNbTiV (x = 0, 0.5, 1, 1.5) high entropy alloys",S4,Ti181Nb181Al181V181Cr272,1.5387974500803214,1.5280204417670684,2014.1414859437755,14.944318058608605,3.1033829222264497
Ti181Nb181Al181V181Cr272,BCC+Laves,ANNEAL,,,1,1073.15,970.0,1045.0,,,,,10.1016/j.jallcom.2015.08.224,2015,"Structure and mechanical properties of the AlCrxNbTiV (x = 0, 0.5, 1, 1.5) high entropy alloys",S4,Ti181Nb181Al181V181Cr272,1.5387974500803214,1.5280204417670684,2014.1414859437755,14.944318058608605,3.1033829222264497
Ti181Nb181Al181V181Cr272,BCC+Laves,ANNEAL,,,1,1273.15,75.0,105.0,,,,,10.1016/j.jallcom.2015.08.224,2015,"Structure and mechanical properties of the AlCrxNbTiV (x = 0, 0.5, 1, 1.5) high entropy alloys",S4,Ti181Nb181Al181V181Cr272,1.5387974500803214,1.5280204417670684,2014.1414859437755,14.944318058608605,3.1033829222264497
Ti2Nb2Al2V2Cr,BCC,ANNEAL,,,1,298.15,1300.0,1430.0,,,,119.0,10.1016/j.jallcom.2015.08.224,2015,"Structure and mechanical properties of the AlCrxNbTiV (x = 0, 0.5, 1, 1.5) high entropy alloys",S4,Ti2Nb2Al2V2Cr,1.5624166144444445,1.552105111111111,1977.182222222222,15.662172268377367,3.1522984664735776
Ti2Nb2Al2V2Cr,BCC,ANNEAL,,,1,873.15,1005.0,1045.0,,,,119.0,10.1016/j.jallcom.2015.08.224,2015,"Structure and mechanical properties of the AlCrxNbTiV (x = 0, 0.5, 1, 1.5) high entropy alloys",S4,Ti2Nb2Al2V2Cr,1.5624166144444445,1.552105111111111,1977.182222222222,15.662172268377367,3.1522984664735776
Ti2Nb2Al2V2Cr,BCC,ANNEAL,,,1,1073.15,640.0,685.0,,,,119.0,10.1016/j.jallcom.2015.08.224,2015,"Structure and mechanical properties of the AlCrxNbTiV (x = 0, 0.5, 1, 1.5) high entropy alloys",S4,Ti2Nb2Al2V2Cr,1.5624166144444445,1.552105111111111,1977.182222222222,15.662172268377367,3.1522984664735776
Ti2Nb2Al2V2Cr,BCC,ANNEAL,,,1,1273.15,40.0,80.0,,,,119.0,10.1016/j.jallcom.2015.08.224,2015,"Structure and mechanical properties of the AlCrxNbTiV (x = 0, 0.5, 1, 1.5) high entropy alloys",S4,Ti2Nb2Al2V2Cr,1.5624166144444445,1.552105111111111,1977.182222222222,15.662172268377367,3.1522984664735776
Ti4Nb2AlVCr2,BCC,CAST,,,1,298.15,1290.0,,,,,134.0,10.1016/j.matlet.2016.11.030,2017,Precipitation-strengthened refractory Al 0.5 CrNbTi 2 V 0.5 high entropy alloy,S4,Ti4Nb2AlVCr2,1.564960051,1.5585904,2074.032,15.859321384121365,3.1654699753312783
Ti4Nb2AlVCr2,BCC+Laves,ANNEAL,,,1,873.15,930.0,,,,,,10.1016/j.matlet.2016.11.030,2017,Precipitation-strengthened refractory Al 0.5 CrNbTi 2 V 0.5 high entropy alloy,S4,Ti4Nb2AlVCr2,1.564960051,1.5585904,2074.032,15.859321384121365,3.1654699753312783
Ti4Nb2AlVCr2,BCC+Laves,ANNEAL,,,1,1073.15,445.0,,,,,,10.1016/j.matlet.2016.11.030,2017,Precipitation-strengthened refractory Al 0.5 CrNbTi 2 V 0.5 high entropy alloy,S4,Ti4Nb2AlVCr2,1.564960051,1.5585904,2074.032,15.859321384121365,3.1654699753312783
Ti4Nb2AlVCr2,BCC+Laves,ANNEAL,,,1,1273.15,90.0,,,,,,10.1016/j.matlet.2016.11.030,2017,Precipitation-strengthened refractory Al 0.5 CrNbTi 2 V 0.5 high entropy alloy,S4,Ti4Nb2AlVCr2,1.564960051,1.5585904,2074.032,15.859321384121365,3.1654699753312783
TiAlCrMo,BCC,ANNEAL,,,1,296.15,1100.0,,,,,189.0,10.1016/j.actamat.2019.06.032,2019,High temperature strength of refractory complex concentrated alloys,S4,TiAlCrMo,1.5452599525000001,1.53251225,1987.58,15.076497964120874,3.112505706568179
TiAlCrMo,BCC,ANNEAL,,,1,673.15,1070.0,,,,,189.0,10.1007/s11661-017-4386-1,2017,Contribution of Lattice Distortion to Solid Solution Strengthening in a Series of Refractory High Entropy Alloys,S4,TiAlCrMo,1.5452599525000001,1.53251225,1987.58,15.076497964120874,3.112505706568179
TiAlCrMo,BCC,ANNEAL,,,1,873.15,1020.0,,,,,189.0,10.1007/s11661-017-4386-1,2017,Contribution of Lattice Distortion to Solid Solution Strengthening in a Series of Refractory High Entropy Alloys,S4,TiAlCrMo,1.5452599525000001,1.53251225,1987.58,15.076497964120874,3.112505706568179
TiAlCrMo,BCC,ANNEAL,,,1,1073.15,875.0,,,,,189.0,10.1007/s11661-017-4386-1,2017,Contribution of Lattice Distortion to Solid Solution Strengthening in a Series of Refractory High Entropy Alloys,S4,TiAlCrMo,1.5452599525000001,1.53251225,1987.58,15.076497964120874,3.112505706568179
TiAlCrMo,BCC,ANNEAL,,,1,1273.15,375.0,,,,,189.0,10.1016/j.actamat.2019.06.032,2019,High temperature strength of refractory complex concentrated alloys,S4,TiAlCrMo,1.5452599525000001,1.53251225,1987.58,15.076497964120874,3.112505706568179
TiAlCrMo,BCC,ANNEAL,,,1,1473.15,100.0,,,,,189.0,10.1016/j.actamat.2019.06.032,2019,High temperature strength of refractory complex concentrated alloys,S4,TiAlCrMo,1.5452599525000001,1.53251225,1987.58,15.076497964120874,3.112505706568179
TiNbAlCrMo,BCC+Laves,ANNEAL,,,1,296.15,1010.0,,,,,,10.1016/j.actamat.2019.06.032,2019,High temperature strength of refractory complex concentrated alloys,S4,TiNbAlCrMo,1.5612722940000001,1.5510296,2140.0640000000003,15.629636126732013,3.1501141221260456
TiNbAlCrMo,BCC,CAST,,,1,673.15,1080.0,1100.0,2.0,,,170.0,10.1016/j.jallcom.2015.11.050,2016,Microstructure and mechanical properties at elevated temperatures of a new Al-containing refractory high-entropy alloy Nb-Mo-Cr-Ti-Al,S4,TiNbAlCrMo,1.5612722940000001,1.5510296,2140.0640000000003,15.629636126732013,3.1501141221260456
TiNbAlCrMo,BCC,ANNEAL,,,1,873.15,995.0,,,,,170.0,10.1007/s11661-017-4386-1,2017,Contribution of Lattice Distortion to Solid Solution Strengthening in a Series of Refractory High Entropy Alloys,S4,TiNbAlCrMo,1.5612722940000001,1.5510296,2140.0640000000003,15.629636126732013,3.1501141221260456
TiNbAlCrMo,BCC,ANNEAL,,,1,1073.15,867.5,,,,,170.0,10.1007/s11661-017-4386-1,2017,Contribution of Lattice Distortion to Solid Solution Strengthening in a Series of Refractory High Entropy Alloys,S4,TiNbAlCrMo,1.5612722940000001,1.5510296,2140.0640000000003,15.629636126732013,3.1501141221260456
TiNbAlCrMo,BCC+Laves,ANNEAL,,,1,1273.15,564.6666666666666,,,,,,10.1016/j.actamat.2019.06.032,2019,High temperature strength of refractory complex concentrated alloys,S4,TiNbAlCrMo,1.5612722940000001,1.5510296,2140.0640000000003,15.629636126732013,3.1501141221260456
TiNbAlCrMo,BCC+Laves,ANNEAL,,,1,1473.15,120.0,,,,,,10.1016/j.actamat.2019.06.032,2019,High temperature strength of refractory complex concentrated alloys,S4,TiNbAlCrMo,1.5612722940000001,1.5510296,2140.0640000000003,15.629636126732013,3.1501141221260456
TiNbAlMo,BCC,ANNEAL,,,1,296.15,1100.0,,,,,151.0,10.1016/j.actamat.2019.06.032,2019,High temperature strength of refractory complex concentrated alloys,S4,TiNbAlMo,1.5933893650000002,1.5838025,2130.08,16.64146982175345,3.2166753116178675
TiNbAlMo,BCC,ANNEAL,,,1,873.15,520.0,,,,,151.0,10.1007/s11661-017-4386-1,2017,Contribution of Lattice Distortion to Solid Solution Strengthening in a Series of Refractory High Entropy Alloys,S4,TiNbAlMo,1.5933893650000002,1.5838025,2130.08,16.64146982175345,3.2166753116178675
TiNbAlMo,BCC,ANNEAL,,,1,1073.15,500.0,,,,,151.0,10.1007/s11661-017-4386-1,2017,Contribution of Lattice Distortion to Solid Solution Strengthening in a Series of Refractory High Entropy Alloys,S4,TiNbAlMo,1.5933893650000002,1.5838025,2130.08,16.64146982175345,3.2166753116178675
TiNbAlMo,BCC,ANNEAL,,,1,1273.15,540.0,,,,,151.0,10.1016/j.actamat.2019.06.032,2019,High temperature strength of refractory complex concentrated alloys,S4,TiNbAlMo,1.5933893650000002,1.5838025,2130.08,16.64146982175345,3.2166753116178675
TiNbAlMo,BCC,ANNEAL,,,1,1473.15,200.0,,,,,151.0,10.1016/j.actamat.2019.06.032,2019,High temperature strength of refractory complex concentrated alloys,S4,TiNbAlMo,1.5933893650000002,1.5838025,2130.08,16.64146982175345,3.2166753116178675
TiNbAlV,BCC,ANNEAL,,,1,298.15,1010.0,1280.0,,,,104.0,10.1016/j.jallcom.2015.08.224,2015,"Structure and mechanical properties of the AlCrxNbTiV (x = 0, 0.5, 1, 1.5) high entropy alloys",S4,TiNbAlV,1.5786181900000003,1.568626,1951.83,16.16764768771449,3.1858521042629304
TiNbAlV,BCC,ANNEAL,,,1,873.15,795.0,1005.0,,,,104.0,10.1016/j.jallcom.2015.08.224,2015,"Structure and mechanical properties of the AlCrxNbTiV (x = 0, 0.5, 1, 1.5) high entropy alloys",S4,TiNbAlV,1.5786181900000003,1.568626,1951.83,16.16764768771449,3.1858521042629304
TiNbAlV,BCC,ANNEAL,,,1,1073.15,622.5,700.0,,,,104.0,10.1016/j.jallcom.2015.08.224,2015,"Structure and mechanical properties of the AlCrxNbTiV (x = 0, 0.5, 1, 1.5) high entropy alloys",S4,TiNbAlV,1.5786181900000003,1.568626,1951.83,16.16764768771449,3.1858521042629304
TiNbAlV,BCC,ANNEAL,,,1,1273.15,134.0,,,,,104.0,10.1016/j.jallcom.2015.08.224,2015,"Structure and mechanical properties of the AlCrxNbTiV (x = 0, 0.5, 1, 1.5) high entropy alloys",S4,TiNbAlV,1.5786181900000003,1.568626,1951.83,16.16764768771449,3.1858521042629304
TiNbAlVCr,BCC+Laves,ANNEAL,,,1,298.15,1550.0,1570.0,,,,,10.1016/j.jallcom.2015.08.224,2015,"Structure and mechanical properties of the AlCrxNbTiV (x = 0, 0.5, 1, 1.5) high entropy alloys",S4,TiNbAlVCr,1.549455354,1.5388884000000003,1997.464,15.265463222491212,3.125455556242096
TiNbAlVCr,BCC+Laves,ANNEAL,,,1,873.15,1015.0,1060.0,,,,,10.1016/j.jallcom.2015.08.224,2015,"Structure and mechanical properties of the AlCrxNbTiV (x = 0, 0.5, 1, 1.5) high entropy alloys",S4,TiNbAlVCr,1.549455354,1.5388884000000003,1997.464,15.265463222491212,3.125455556242096
TiNbAlVCr,BCC+Laves,ANNEAL,,,1,1073.15,860.0,895.0,,,,,10.1016/j.jallcom.2015.08.224,2015,"Structure and mechanical properties of the AlCrxNbTiV (x = 0, 0.5, 1, 1.5) high entropy alloys",S4,TiNbAlVCr,1.549455354,1.5388884000000003,1997.464,15.265463222491212,3.125455556242096
TiNbAlVCr,BCC+Laves,ANNEAL,,,1,1273.15,65.0,95.0,,,,,10.1016/j.jallcom.2015.08.224,2015,"Structure and mechanical properties of the AlCrxNbTiV (x = 0, 0.5, 1, 1.5) high entropy alloys",S4,TiNbAlVCr,1.549455354,1.5388884000000003,1997.464,15.265463222491212,3.125455556242096
TiNbCrMo,BCC,ANNEAL,,,1,293.15,1630.0,,,,,196.0,10.1016/j.actamat.2019.06.006,2019,Solid-solution strengthening in refractory high entropy alloys,S4,TiNbCrMo,1.5559579425,1.55256075,2441.75,15.675969768046553,3.1532238611265737
TiNbCrMo,BCC,ANNEAL,,,1,473.15,1268.0,,,,,196.0,10.1016/j.actamat.2019.06.006,2019,Solid-solution strengthening in refractory high entropy alloys,S4,TiNbCrMo,1.5559579425,1.55256075,2441.75,15.675969768046553,3.1532238611265737
TiNbCrMo,BCC,ANNEAL,,,1,673.15,1115.0,,,,,196.0,10.1016/j.actamat.2019.06.006,2019,Solid-solution strengthening in refractory high entropy alloys,S4,TiNbCrMo,1.5559579425,1.55256075,2441.75,15.675969768046553,3.1532238611265737
TiNbCrMo,BCC,ANNEAL,,,1,873.15,1062.0,,,,,196.0,10.1016/j.actamat.2019.06.006,2019,Solid-solution strengthening in refractory high entropy alloys,S4,TiNbCrMo,1.5559579425,1.55256075,2441.75,15.675969768046553,3.1532238611265737
TiNbCrMo,BCC,ANNEAL,,,1,1073.15,1058.0,,,,,196.0,10.1016/j.actamat.2019.06.006,2019,Solid-solution strengthening in refractory high entropy alloys,S4,TiNbCrMo,1.5559579425,1.55256075,2441.75,15.675969768046553,3.1532238611265737
TiNbMo,BCC,OTHER,,,1,296.15,1100.0,,,,,177.0,10.1016/j.actamat.2019.06.032,2019,High temperature strength of refractory complex concentrated alloys,S4,TiNbMo,1.597009253333333,1.5967683333333333,2529.0,17.053532098014134,3.243008693449179
TiNbMo,BCC,OTHER,,,1,1273.15,504.0,,,,,177.0,10.1016/j.actamat.2019.06.032,2019,High temperature strength of refractory complex concentrated alloys,S4,TiNbMo,1.597009253333333,1.5967683333333333,2529.0,17.053532098014134,3.243008693449179
TiNbMo,BCC,OTHER,,,1,1473.15,324.0,,,,,177.0,10.1016/j.actamat.2019.06.032,2019,High temperature strength of refractory complex concentrated alloys,S4,TiNbMo,1.597009253333333,1.5967683333333333,2529.0,17.053532098014134,3.243008693449179
Zr101Ta30(TiNb)101,BCC,OTHER,,,1,296.15,882.0,,,,,101.0,10.1016/j.actamat.2019.06.032,2019,High temperature strength of refractory complex concentrated alloys,S4,Zr101Ta30(TiNb)101,1.6662374155855857,1.6666686666666664,2364.6216216216217,19.39261705763528,3.38497505384272
Zr101Ta30(TiNb)101,BCC,OTHER,,,1,1273.15,274.0,,,,,101.0,10.1016/j.actamat.2019.06.032,2019,High temperature strength of refractory complex concentrated alloys,S4,Zr101Ta30(TiNb)101,1.6662374155855857,1.6666686666666664,2364.6216216216217,19.39261705763528,3.38497505384272
Zr101Ta30(TiNb)101,BCC,OTHER,,,1,1473.15,102.0,,,,,101.0,10.1016/j.actamat.2019.06.032,2019,High temperature strength of refractory complex concentrated alloys,S4,Zr101Ta30(TiNb)101,1.6662374155855857,1.6666686666666664,2364.6216216216217,19.39261705763528,3.38497505384272
Zr101Ti101Nb101Re30,BCC+Laves,OTHER,,,1,296.15,1244.0,,,,,,10.1016/j.actamat.2019.06.032,2019,High temperature strength of refractory complex concentrated alloys,S4,Zr101Ti101Nb101Re30,1.6567378173873875,1.657099027027027,2379.846846846847,19.060487152632476,3.3655392822929797
Zr101Ti101Nb101Re30,BCC+Laves,OTHER,,,1,1273.15,323.0,,,,,,10.1016/j.actamat.2019.06.032,2019,High temperature strength of refractory complex concentrated alloys,S4,Zr101Ti101Nb101Re30,1.6567378173873875,1.657099027027027,2379.846846846847,19.060487152632476,3.3655392822929797
Zr101Ti101Nb101Re30,BCC+Laves,OTHER,,,1,1473.15,89.0,,,,,,10.1016/j.actamat.2019.06.032,2019,High temperature strength of refractory complex concentrated alloys,S4,Zr101Ti101Nb101Re30,1.6567378173873875,1.657099027027027,2379.846846846847,19.060487152632476,3.3655392822929797
Zr200Ta159Ti300Nb200(Al33V13)3,BCC,OTHER,100.0,5.194,1,298.15,2035.0,2105.0,5.0,,,109.0,10.1007/s11837-014-1066-0,2014,Microstructure and Properties of Aluminum-Containing Refractory High-Entropy Alloys,S4,Zr200Ta159Ti300Nb200(Al33V13)3,1.6418029730190573,1.6384650892678034,2265.341705115346,18.42468986299665,3.3276940790253255
Zr200Ta159Ti300Nb200(Al33V13)3,BCC,OTHER,,,1,1073.15,796.0,851.0,50.0,,,109.0,10.1007/s11837-014-1066-0,2014,Microstructure and Properties of Aluminum-Containing Refractory High-Entropy Alloys,S4,Zr200Ta159Ti300Nb200(Al33V13)3,1.6418029730190573,1.6384650892678034,2265.341705115346,18.42468986299665,3.3276940790253255
Zr200Ta159Ti300Nb200(Al33V13)3,BCC,OTHER,,,1,1273.15,220.0,225.0,50.0,,,109.0,10.1007/s11837-014-1066-0,2014,Microstructure and Properties of Aluminum-Containing Refractory High-Entropy Alloys,S4,Zr200Ta159Ti300Nb200(Al33V13)3,1.6418029730190573,1.6384650892678034,2265.341705115346,18.42468986299665,3.3276940790253255
Zr235Ta235Ti235Nb235Al58,BCC+B2,OTHER,,,1,298.15,1745.0,1830.0,,,,,10.1016/j.matdes.2017.11.033,2018,Compositional variation effects on the microstructure and properties of a refractory high-entropy superalloy AlMo0.5NbTa0.5TiZr,S4,Zr235Ta235Ti235Nb235Al58,1.654518389679359,1.652915991983968,2434.6167935871745,18.91650736273204,3.357043610925723
Zr235Ta235Ti235Nb235Al58,BCC+B2,OTHER,,,1,1273.15,366.0,408.0,,,,,10.1016/j.matdes.2017.11.033,2018,Compositional variation effects on the microstructure and properties of a refractory high-entropy superalloy AlMo0.5NbTa0.5TiZr,S4,Zr235Ta235Ti235Nb235Al58,1.654518389679359,1.652915991983968,2434.6167935871745,18.91650736273204,3.357043610925723
Zr235Ti235Nb235Al56V235,BCC+Laves,OTHER,,,1,296.15,1240.0,,,,,,10.1016/j.actamat.2019.06.032,2019,High temperature strength of refractory complex concentrated alloys,S4,Zr235Ti235Nb235Al56V235,1.6232964429718875,1.6207352058232933,2176.4416867469877,17.83301633466009,3.291684994335904
Zr235Ti235Nb235Al56V235,BCC+Laves,OTHER,,,1,1273.15,82.0,,,,,,10.1016/j.actamat.2019.06.032,2019,High temperature strength of refractory complex concentrated alloys,S4,Zr235Ti235Nb235Al56V235,1.6232964429718875,1.6207352058232933,2176.4416867469877,17.83301633466009,3.291684994335904
Zr235Ti235Nb235Al56V235,BCC+Laves,OTHER,,,1,1473.15,24.0,,,,,,10.1016/j.actamat.2019.06.032,2019,High temperature strength of refractory complex concentrated alloys,S4,Zr235Ti235Nb235Al56V235,1.6232964429718875,1.6207352058232933,2176.4416867469877,17.83301633466009,3.291684994335904
Zr260Ta159Ti280Nb199Al59V40,BCC,OTHER,180.0,4.9,1,298.15,1965.0,2061.0,5.0,,,107.0,10.1007/s11837-014-1066-0,2014,Microstructure and Properties of Aluminum-Containing Refractory High-Entropy Alloys,S4,Zr260Ta159Ti280Nb199Al59V40,1.6523628182046142,1.6505442728184552,2316.4552457372115,18.835195972780323,3.352226690580038
Zr260Ta159Ti280Nb199Al59V40,BCC,OTHER,,,1,1073.15,678.0,693.0,50.0,,,107.0,10.1007/s11837-014-1066-0,2014,Microstructure and Properties of Aluminum-Containing Refractory High-Entropy Alloys,S4,Zr260Ta159Ti280Nb199Al59V40,1.6523628182046142,1.6505442728184552,2316.4552457372115,18.835195972780323,3.352226690580038
Zr260Ta159Ti280Nb199Al59V40,BCC,OTHER,,,1,1273.15,166.0,189.0,50.0,,,107.0,10.1007/s11837-014-1066-0,2014,Microstructure and Properties of Aluminum-Containing Refractory High-Entropy Alloys,S4,Zr260Ta159Ti280Nb199Al59V40,1.6523628182046142,1.6505442728184552,2316.4552457372115,18.835195972780323,3.352226690580038
Zr260Ta199Ti280Nb199Al59,BCC,OTHER,200.0,4.802,1,298.15,1965.0,2054.0,5.0,,,110.0,10.1007/s11837-014-1066-0,2014,Microstructure and Properties of Aluminum-Containing Refractory High-Entropy Alloys,S4,Zr260Ta199Ti280Nb199Al59,1.6576964422768306,1.6560532397191574,2360.868485456369,19.02442297401063,3.3634153064724925
Zr260Ta199Ti280Nb199Al59,BCC,OTHER,,,1,1073.15,362.0,397.0,50.0,,,110.0,10.1007/s11837-014-1066-0,2014,Microstructure and Properties of Aluminum-Containing Refractory High-Entropy Alloys,S4,Zr260Ta199Ti280Nb199Al59,1.6576964422768306,1.6560532397191574,2360.868485456369,19.02442297401063,3.3634153064724925
Zr260Ta199Ti280Nb199Al59,BCC,OTHER,,,1,1273.15,236.0,247.0,50.0,,,110.0,10.1007/s11837-014-1066-0,2014,Microstructure and Properties of Aluminum-Containing Refractory High-Entropy Alloys,S4,Zr260Ta199Ti280Nb199Al59,1.6576964422768306,1.6560532397191574,2360.868485456369,19.02442297401063,3.3634153064724925
Zr2TaTi2Nb2Al2Mo,BCC+B2,OTHER,,,1,298.15,2065.6666666666665,2370.0,,,,,10.1016/j.matdes.2017.11.033,2018,Compositional variation effects on the microstructure and properties of a refractory high-entropy superalloy AlMo0.5NbTa0.5TiZr,S4,Zr2TaTi2Nb2Al2Mo,1.6362885480000002,1.6289849,2169.0640000000003,18.106719972377682,3.308439979623912
Zr2TaTi2Nb2Al2Mo,BCC+B2,OTHER,,,1,1073.15,1597.0,1810.0,11.0,,,,10.1007/s11837-014-1066-0,2014,Microstructure and Properties of Aluminum-Containing Refractory High-Entropy Alloys,S4,Zr2TaTi2Nb2Al2Mo,1.6362885480000002,1.6289849,2169.0640000000003,18.106719972377682,3.308439979623912
Zr2TaTi2Nb2Al2Mo,B2+BCC,OTHER,,,1,1273.15,745.0,,,,,,10.1016/j.actamat.2019.06.032,2019,High temperature strength of refractory complex concentrated alloys,S4,Zr2TaTi2Nb2Al2Mo,1.6362885480000002,1.6289849,2169.0640000000003,18.106719972377682,3.308439979623912
Zr2TaTi2Nb2Al2Mo,B2+BCC,OTHER,,,1,1473.15,250.0,,,,,,10.1016/j.actamat.2019.06.032,2019,High temperature strength of refractory complex concentrated alloys,S4,Zr2TaTi2Nb2Al2Mo,1.6362885480000002,1.6289849,2169.0640000000003,18.106719972377682,3.308439979623912
Zr2TaTi2Nb2AlMo,BCC+B2,OTHER,,,1,298.15,2350.0,2460.0,,,,,10.1016/j.matdes.2017.11.033,2018,Compositional variation effects on the microstructure and properties of a refractory high-entropy superalloy AlMo0.5NbTa0.5TiZr,S4,Zr2TaTi2Nb2AlMo,1.642261753333333,1.6383271111111108,2306.3688888888887,18.42003552397438,3.3274138477905755
Zr2TaTi2Nb2AlMo,BCC+B2,OTHER,,,1,1273.15,579.0,646.0,,,,,10.1016/j.matdes.2017.11.033,2018,Compositional variation effects on the microstructure and properties of a refractory high-entropy superalloy AlMo0.5NbTa0.5TiZr,S4,Zr2TaTi2Nb2AlMo,1.642261753333333,1.6383271111111108,2306.3688888888887,18.42003552397438,3.3274138477905755
Zr2TaTi2Nb2Cr2Mo,BCC+BCC+Sec.,OTHER,,5.292,1,298.15,1595.0,2046.0,5.0,,,,10.1016/j.msea.2011.09.033,2011,Microstructure and properties of a refractory NbCrMo0.5Ta0.5TiZr alloy,S4,Zr2TaTi2Nb2Cr2Mo,1.6063434100000002,1.6039915,2418.4,17.286011469367978,3.2576788192308768
Zr2TaTi2Nb2Cr2Mo,BCC+BCC+Sec.,OTHER,,,1,1073.15,983.0,1100.0,5.5,,,,10.1016/j.msea.2011.09.033,2011,Microstructure and properties of a refractory NbCrMo0.5Ta0.5TiZr alloy,S4,Zr2TaTi2Nb2Cr2Mo,1.6063434100000002,1.6039915,2418.4,17.286011469367978,3.2576788192308768
Zr2TaTi2Nb2Cr2Mo,BCC+BCC+Laves,OTHER,,,1,1273.15,546.0,,,,,,10.1016/j.actamat.2019.06.032,2019,High temperature strength of refractory complex concentrated alloys,S4,Zr2TaTi2Nb2Cr2Mo,1.6063434100000002,1.6039915,2418.4,17.286011469367978,3.2576788192308768
Zr2TaTi2Nb2Cr2Mo,BCC+BCC+Laves,OTHER,,,1,1473.15,170.0,,,,,,10.1016/j.actamat.2019.06.032,2019,High temperature strength of refractory complex concentrated alloys,S4,Zr2TaTi2Nb2Cr2Mo,1.6063434100000002,1.6039915,2418.4,17.286011469367978,3.2576788192308768
Zr83Ti83Nb83Cr250,BCC+Laves,OTHER,,,1,296.15,1576.0,,,,,,10.1016/j.actamat.2019.06.032,2019,High temperature strength of refractory complex concentrated alloys,S4,Zr83Ti83Nb83Cr250,1.5513326107615228,1.5450487735470941,2226.4068136272545,15.449527089356668,3.1379671676957215
Zr83Ti83Nb83Cr250,BCC+Laves,OTHER,,,1,1273.15,139.0,,,,,,10.1016/j.actamat.2019.06.032,2019,High temperature strength of refractory complex concentrated alloys,S4,Zr83Ti83Nb83Cr250,1.5513326107615228,1.5450487735470941,2226.4068136272545,15.449527089356668,3.1379671676957215
Zr83Ti83Nb83Cr250,BCC+Laves,OTHER,,,1,1473.15,32.0,,,,,,10.1016/j.actamat.2019.06.032,2019,High temperature strength of refractory complex concentrated alloys,S4,Zr83Ti83Nb83Cr250,1.5513326107615228,1.5450487735470941,2226.4068136272545,15.449527089356668,3.1379671676957215
Zr99Ta99Ti300(Nb3Al2)100,BCC,OTHER,2000.0,3.9984,1,298.15,1280.0,1367.0,4.0,,,105.0,10.1007/s11837-014-1066-0,2014,Microstructure and Properties of Aluminum-Containing Refractory High-Entropy Alloys,S4,Zr99Ta99Ti300(Nb3Al2)100,1.627961043456914,1.6207717955911825,2134.615230460922,17.83422415810443,3.291759307517647
Zr99Ta99Ti300(Nb3Al2)100,BCC,OTHER,,,1,1073.15,728.0,1000.0,12.0,,,105.0,10.1007/s11837-014-1066-0,2014,Microstructure and Properties of Aluminum-Containing Refractory High-Entropy Alloys,S4,Zr99Ta99Ti300(Nb3Al2)100,1.627961043456914,1.6207717955911825,2134.615230460922,17.83422415810443,3.291759307517647
Zr99Ta99Ti300(Nb3Al2)100,BCC,OTHER,,,1,1273.15,403.0,415.0,50.0,,,105.0,10.1007/s11837-014-1066-0,2014,Microstructure and Properties of Aluminum-Containing Refractory High-Entropy Alloys,S4,Zr99Ta99Ti300(Nb3Al2)100,1.627961043456914,1.6207717955911825,2134.615230460922,17.83422415810443,3.291759307517647
ZrTaTiNbV,BCC+BCC,OTHER,,,1,296.15,1395.0,,,,,,10.1016/j.actamat.2019.06.032,2019,High temperature strength of refractory complex concentrated alloys,S4,ZrTaTiNbV,1.6255459380000001,1.6254694,2458.4,17.98974485255089,3.3013000603107447
ZrTaTiNbV,BCC+BCC,OTHER,,,1,1273.15,190.0,,,,,,10.1016/j.actamat.2019.06.032,2019,High temperature strength of refractory complex concentrated alloys,S4,ZrTaTiNbV,1.6255459380000001,1.6254694,2458.4,17.98974485255089,3.3013000603107447
ZrTaTiNbV,BCC+BCC,OTHER,,,1,1473.15,78.0,,,,,,10.1016/j.actamat.2019.06.032,2019,High temperature strength of refractory complex concentrated alloys,S4,ZrTaTiNbV,1.6255459380000001,1.6254694,2458.4,17.98974485255089,3.3013000603107447
ZrTiNb,BCC,CAST,,3.6456000000000004,1,298.15,1099.0,,48.0,,,94.0,10.1007/s12598-019-01310-6,2019,Microstructure and mechanical properties of NbZrTi and NbHfZrTi alloys,S4,ZrTiNb,1.67033723,1.6706619999999999,2273.0,19.532345276054496,3.3930854443392593
ZrTiNb,BCC,CAST,,,1,1073.15,462.0,,51.0,,,94.0,10.1007/s12598-019-01310-6,2019,Microstructure and mechanical properties of NbZrTi and NbHfZrTi alloys,S4,ZrTiNb,1.67033723,1.6706619999999999,2273.0,19.532345276054496,3.3930854443392593
ZrTiNb,BCC,CAST,,,1,1273.15,179.5,,51.0,,,94.0,10.1007/s12598-019-01310-6,2019,Microstructure and mechanical properties of NbZrTi and NbHfZrTi alloys,S4,ZrTiNb,1.67033723,1.6706619999999999,2273.0,19.532345276054496,3.3930854443392593
ZrTiNb,BCC,OTHER,,,1,1473.15,61.0,,,,,94.0,10.1016/j.actamat.2019.06.032,2019,High temperature strength of refractory complex concentrated alloys,S4,ZrTiNb,1.67033723,1.6706619999999999,2273.0,19.532345276054496,3.3930854443392593
ZrTiNbCr,BCC+Sec.,OTHER,,4.096400000000001,1,298.15,1260.0,,6.0,,,,10.1016/j.msea.2012.12.018,2013,"Mechanical properties of low-density, refractory multi-principal element alloys of the Cr–Nb–Ti–V–Zr system",S4,ZrTiNbCr,1.610953925,1.607981,2249.75,17.415315541463173,3.265781424294134
ZrTiNbCr,BCC+Sec.,OTHER,,,1,873.15,1035.0,,50.0,,,,10.1016/j.msea.2012.12.018,2013,"Mechanical properties of low-density, refractory multi-principal element alloys of the Cr–Nb–Ti–V–Zr system",S4,ZrTiNbCr,1.610953925,1.607981,2249.75,17.415315541463173,3.265781424294134
ZrTiNbCr,BCC+Sec.,OTHER,,,1,1073.15,300.0,,50.0,,,,10.1016/j.msea.2012.12.018,2013,"Mechanical properties of low-density, refractory multi-principal element alloys of the Cr–Nb–Ti–V–Zr system",S4,ZrTiNbCr,1.610953925,1.607981,2249.75,17.415315541463173,3.265781424294134
ZrTiNbCr,BCC+Sec.,OTHER,,,1,1273.15,115.0,,50.0,,,,10.1016/j.msea.2012.12.018,2013,"Mechanical properties of low-density, refractory multi-principal element alloys of the Cr–Nb–Ti–V–Zr system",S4,ZrTiNbCr,1.610953925,1.607981,2249.75,17.415315541463173,3.265781424294134
ZrTiNbV,BCC,ANNEAL,,,1,298.15,1104.5,,,50.0,,100.0,10.1016/j.matdes.2015.06.072,2015,Phase composition and solid solution strengthening effect in TiZrNbMoV high-entropy alloys,S4,ZrTiNbV,1.6257251,1.62525275,2250.5,17.98255254470741,3.3008600479315104
ZrTiNbV,BCC,OTHER,,,1,873.15,834.0,,50.0,,,100.0,10.1016/j.msea.2012.12.018,2013,"Mechanical properties of low-density, refractory multi-principal element alloys of the Cr–Nb–Ti–V–Zr system",S4,ZrTiNbV,1.6257251,1.62525275,2250.5,17.98255254470741,3.3008600479315104
ZrTiNbV,BCC,OTHER,,,1,1073.15,187.0,,50.0,,,100.0,10.1016/j.msea.2012.12.018,2013,"Mechanical properties of low-density, refractory multi-principal element alloys of the Cr–Nb–Ti–V–Zr system",S4,ZrTiNbV,1.6257251,1.62525275,2250.5,17.98255254470741,3.3008600479315104
ZrTiNbV,BCC,OTHER,,,1,1273.15,58.0,,50.0,,,100.0,10.1016/j.msea.2012.12.018,2013,"Mechanical properties of low-density, refractory multi-principal element alloys of the Cr–Nb–Ti–V–Zr system",S4,ZrTiNbV,1.6257251,1.62525275,2250.5,17.98255254470741,3.3008600479315104
ZrTiNbV2,BCC,OTHER,550.0,2.9792,1,298.15,918.0,,50.0,,,105.0,10.1016/j.msea.2012.12.018,2013,"Mechanical properties of low-density, refractory multi-principal element alloys of the Cr–Nb–Ti–V–Zr system",S4,ZrTiNbV2,1.598957822,1.5980072,2237.0,17.093256298208868,3.2455248100868612
ZrTiNbV2,BCC,OTHER,,,1,873.15,571.0,,50.0,,,105.0,10.1016/j.msea.2012.12.018,2013,"Mechanical properties of low-density, refractory multi-principal element alloys of the Cr–Nb–Ti–V–Zr system",S4,ZrTiNbV2,1.598957822,1.5980072,2237.0,17.093256298208868,3.2455248100868612
ZrTiNbV2,BCC,OTHER,,,1,1073.15,240.0,,50.0,,,105.0,10.1016/j.msea.2012.12.018,2013,"Mechanical properties of low-density, refractory multi-principal element alloys of the Cr–Nb–Ti–V–Zr system",S4,ZrTiNbV2,1.598957822,1.5980072,2237.0,17.093256298208868,3.2455248100868612
ZrTiNbV2,BCC,OTHER,,,1,1273.15,72.0,,50.0,,,105.0,10.1016/j.msea.2012.12.018,2013,"Mechanical properties of low-density, refractory multi-principal element alloys of the Cr–Nb–Ti–V–Zr system",S4,ZrTiNbV2,1.598957822,1.5980072,2237.0,17.093256298208868,3.2455248100868612
ZrTiNbVCr,BCC+Sec.,OTHER,,4.7236,1,298.15,1298.0,,3.0,,,,10.1016/j.msea.2012.12.018,2013,"Mechanical properties of low-density, refractory multi-principal element alloys of the Cr–Nb–Ti–V–Zr system",S4,ZrTiNbVCr,1.587140882,1.5841898000000003,2236.4,16.65368122594799,3.2174619111769607
ZrTiNbVCr,BCC+Sec.,OTHER,,,1,873.15,1230.0,,10.0,,,,10.1016/j.msea.2012.12.018,2013,"Mechanical properties of low-density, refractory multi-principal element alloys of the Cr–Nb–Ti–V–Zr system",S4,ZrTiNbVCr,1.587140882,1.5841898000000003,2236.4,16.65368122594799,3.2174619111769607
ZrTiNbVCr,BCC+Sec.,OTHER,,,1,1073.15,615.0,,50.0,,,,10.1016/j.msea.2012.12.018,2013,"Mechanical properties of low-density, refractory multi-principal element alloys of the Cr–Nb–Ti–V–Zr system",S4,ZrTiNbVCr,1.587140882,1.5841898000000003,2236.4,16.65368122594799,3.2174619111769607
ZrTiNbVCr,BCC+Sec.,OTHER,,,1,1273.15,259.0,,50.0,,,,10.1016/j.msea.2012.12.018,2013,"Mechanical properties of low-density, refractory multi-principal element alloys of the Cr–Nb–Ti–V–Zr system",S4,ZrTiNbVCr,1.587140882,1.5841898000000003,2236.4,16.65368122594799,3.2174619111769607
ZrTiNbVMo,BCC,CAST,,,1,298.15,1757.0,3828.0,26.0,,,141.0,10.1007/s11837-012-0366-5,2012,Alloy Design and Properties Optimization of High-Entropy Alloys,S4,ZrTiNbVMo,1.6107747620000001,1.6101484000000001,2379.6000000000004,17.485832896319714,3.2701833759708117
ZrTiNbVMo,BCC+Laves,OTHER,,,1,1273.15,467.0,,,,,,10.1016/j.actamat.2019.06.032,2019,High temperature strength of refractory complex concentrated alloys,S4,ZrTiNbVMo,1.6107747620000001,1.6101484000000001,2379.6000000000004,17.485832896319714,3.2701833759708117
ZrTiNbVMo,BCC+Laves,OTHER,,,1,1473.15,116.0,,,,,,10.1016/j.actamat.2019.06.032,2019,High temperature strength of refractory complex concentrated alloys,S4,ZrTiNbVMo,1.6107747620000001,1.6101484000000001,2379.6000000000004,17.485832896319714,3.2701833759708117
